,NPA,Vacant_Land,Vacant_Land_Area,Commercial_Construction,Commercial_Construction_Permitted_Units,Commercial_Size,Commercial_Size_Total,Commercial_Building_Age,Impervious_Surface,Impervious_Surface_Area,Adopt_a_Stream,Adopt_a_Stream_Length,Pharmacy_Proximity,Pharmacy_Proximate_Units,Housing_Density,Housing_Units,Single_Family_Housing,Single_Family_Units,Housing_Size,Housing_Age,New_Residential,New_Residential_Permit_Units,Residential_Renovation,Residential_Renovation_Permit_Units,Foreclosures,Foreclosed_Units,Housing_Violations,Housing_Violations_Total,Street_Connectivity,Transit_Proximity,Transit_Proximate_Units,Violent_Crime_Rate,Property_Crime_Rate,Combined_Crime_Rate,Violent_Crime_Rate_Log2,Property_Crime_Rate_Log2,Violent_Crime_Rate_Class,Property_Crime_Rate_Class
0,2,4.3,18,4.38,18,12942.0,478848.0,50.0,91,22.2,100.0,1.93,2.0,18.0,2.6,1079,47.0,505.0,1491.0,69.0,0.97,4,7.06,29,0.3,2.0,1.11,12.0,1.2,100,1079.0,0.0,4.85781087082,2.42890543541,0.0,2.204044208,0.0,1.0
1,3,2.4,27,12.28,142,30514.0,11259845.0,63.0,438,37.9,100.0,4.6,91.0,4320.0,4.1,4730,38.0,1792.0,2177.0,69.0,36.51,422,12.37,143,0.2,6.0,0.34,16.0,1.48,100,4730.0,6.97256638936,19.4312434833,13.2019049363,2.6405617564,4.408088416,2.0,2.0
2,4,4.3,14,0.91,3,4398.0,4398.0,33.0,66,20.0,100.0,1.58,15.0,60.0,1.2,406,89.0,362.0,3768.0,44.0,1.21,4,13.06,43,0.0,0.0,0.0,0.0,1.17,93,377.0,0.0,4.85781087082,2.42890543541,0.0,2.204044208,0.0,1.0
3,5,21.4,36,14.96,25,32212.0,483185.0,53.0,37,22.1,0.0,0.0,52.0,170.0,2.0,326,59.0,191.0,1056.0,57.0,0.0,0,0.6,1,1.1,2.0,12.58,41.0,1.16,100,326.0,15.6882743761,19.4312434833,17.5597589297,3.9608426346,4.408088416,3.0,2.0
5,7,1.8,10,5.48,30,46749.0,1542726.0,25.0,147,26.8,100.0,1.1,37.0,157.0,0.8,427,100.0,427.0,5211.0,36.0,0.73,4,6.57,36,0.0,0.0,0.0,0.0,1.19,71,302.0,1.74314159734,19.4312434833,10.5871925403,1.3202808782,4.408088416,1.0,2.0
6,8,2.0,12,0.17,1,11871.0,71228.0,34.0,87,14.6,80.67,2.42,32.0,327.0,1.7,1036,43.0,441.0,1901.0,52.0,0.0,0,2.85,17,0.1,1.0,0.0,0.0,1.13,100,1036.0,0.0,4.85781087082,2.42890543541,0.0,2.204044208,0.0,1.0
9,11,3.8,19,6.47,33,12718.0,496008.0,62.0,141,27.6,100.0,4.6,47.0,571.0,2.4,1225,64.0,784.0,2245.0,56.0,1.76,9,10.39,53,0.0,0.0,0.08,1.0,1.2,100,1225.0,6.97256638936,19.4312434833,13.2019049363,2.6405617564,4.408088416,2.0,2.0
12,14,6.1,27,0.46,2,10143.0,91284.0,22.0,89,20.4,32.0,0.64,63.0,1010.0,3.7,1613,54.0,877.0,1884.0,19.0,0.0,0,2.75,12,0.3,3.0,0.37,6.0,1.08,74,1198.0,0.0,4.85781087082,2.42890543541,0.0,2.204044208,0.0,1.0
13,15,4.2,29,0.0,0,6665.0,26658.0,39.0,95,13.8,100.0,1.79,0.0,0.0,1.2,838,95.0,799.0,2338.0,40.0,0.43,3,3.77,26,0.1,1.0,0.24,2.0,1.18,0,0.0,0.0,19.4312434833,9.71562174164,0.0,4.408088416,0.0,2.0
14,16,2.1,15,1.93,14,13866.0,540790.0,40.0,157,21.7,100.0,2.12,67.0,1422.0,2.9,2114,56.0,1191.0,1473.0,45.0,0.0,0,3.04,22,0.9,13.0,0.71,15.0,1.2,98,2062.0,6.97256638936,19.4312434833,13.2019049363,2.6405617564,4.408088416,2.0,2.0
15,17,2.2,10,0.0,0,11130.0,233728.0,37.0,87,19.2,0.0,0.0,33.0,416.0,2.8,1253,69.0,859.0,1612.0,45.0,0.0,0,2.43,11,0.4,3.0,2.15,27.0,1.18,100,1253.0,1.74314159734,19.4312434833,10.5871925403,1.3202808782,4.408088416,1.0,2.0
16,18,8.0,49,1.79,11,31914.0,414876.0,27.0,140,22.8,68.96,2.91,73.0,1243.0,2.8,1693,42.0,709.0,3017.0,43.0,4.06,25,10.57,65,0.0,0.0,0.83,14.0,1.16,100,1693.0,0.0,19.4312434833,9.71562174164,0.0,4.408088416,0.0,2.0
17,19,2.6,22,0.84,7,4984.0,29906.0,45.0,161,19.2,100.0,4.01,35.0,618.0,2.1,1762,64.0,1122.0,2298.0,43.0,2.15,18,7.28,61,0.4,7.0,0.28,5.0,1.15,98,1718.0,0.0,4.85781087082,2.42890543541,0.0,2.204044208,0.0,1.0
18,20,4.0,16,9.02,36,23519.0,47037.0,12.0,93,23.3,14.29,0.19,75.0,1083.0,3.6,1452,52.0,760.0,1936.0,20.0,0.0,0,5.01,20,0.2,2.0,0.07,1.0,1.08,42,606.0,0.0,4.85781087082,2.42890543541,0.0,2.204044208,0.0,1.0
19,21,8.1,74,1.86,17,17208.0,2959696.0,48.0,254,27.8,25.0,0.77,43.0,532.0,1.3,1224,28.0,347.0,1418.0,36.0,0.11,1,0.66,6,1.5,6.0,0.9,11.0,1.18,100,1224.0,6.97256638936,19.4312434833,13.2019049363,2.6405617564,4.408088416,2.0,2.0
20,22,8.6,27,3.5,11,14635.0,1112235.0,63.0,77,24.5,100.0,1.16,0.0,0.0,1.6,508,36.0,185.0,1116.0,70.0,0.32,1,0.32,1,0.0,0.0,1.57,8.0,1.22,100,508.0,6.97256638936,19.4312434833,13.2019049363,2.6405617564,4.408088416,2.0,2.0
21,23,14.5,41,0.36,1,45398.0,272385.0,26.0,47,16.7,100.0,1.7,0.0,0.0,2.0,550,35.0,191.0,1460.0,35.0,0.71,2,2.85,8,0.0,0.0,1.82,10.0,1.0,84,460.0,1.74314159734,19.4312434833,10.5871925403,1.3202808782,4.408088416,1.0,2.0
23,25,4.5,29,0.15,1,34759.0,208555.0,24.0,118,18.1,40.67,1.09,26.0,296.0,1.7,1118,76.0,853.0,2807.0,28.0,1.68,11,6.43,42,0.1,1.0,0.09,1.0,1.08,37,418.0,0.0,4.85781087082,2.42890543541,0.0,2.204044208,0.0,1.0
24,26,21.8,246,0.09,1,3082.0,15410.0,38.0,77,6.8,0.0,0.0,0.0,0.0,0.9,1068,100.0,1068.0,2044.0,22.0,0.97,11,0.8,9,0.8,9.0,0.0,0.0,1.03,13,134.0,0.0,4.85781087082,2.42890543541,0.0,2.204044208,0.0,1.0
25,27,6.4,21,0.0,0,17736.0,70945.0,25.0,55,17.1,0.0,0.0,68.0,674.0,3.1,988,68.0,676.0,1546.0,19.0,0.0,0,2.18,7,1.2,11.0,0.0,0.0,1.08,90,885.0,0.0,4.85781087082,2.42890543541,0.0,2.204044208,0.0,1.0
26,28,0.2,0,1.55,3,95684.0,287052.0,36.0,62,32.0,100.0,1.06,93.0,511.0,2.8,550,48.0,261.0,2986.0,50.0,2.06,4,6.7,13,0.0,0.0,0.18,1.0,1.31,100,550.0,0.0,19.4312434833,9.71562174164,0.0,4.408088416,0.0,2.0
27,29,3.2,13,0.24,1,1066.0,1066.0,15.0,65,15.9,67.95,4.07,0.0,0.0,1.4,565,54.0,306.0,2840.0,33.0,0.24,1,2.94,12,0.0,0.0,0.18,1.0,1.02,26,148.0,0.0,4.85781087082,2.42890543541,0.0,2.204044208,0.0,1.0
28,30,3.6,17,6.71,32,12617.0,1551857.0,53.0,143,30.0,100.0,1.08,52.0,511.0,2.1,987,13.0,129.0,866.0,53.0,8.8,42,0.0,0,2.5,2.0,1.22,12.0,1.25,100,987.0,6.97256638936,19.4312434833,13.2019049363,2.6405617564,4.408088416,2.0,2.0
29,31,1.1,4,0.26,1,4481.0,8962.0,34.0,74,19.2,100.0,1.84,4.0,28.0,1.8,677,84.0,571.0,3064.0,46.0,0.52,2,9.1,35,0.1,1.0,0.0,0.0,1.21,62,421.0,0.0,4.85781087082,2.42890543541,0.0,2.204044208,0.0,1.0
32,34,41.1,382,0.54,5,36600.0,256199.0,36.0,59,6.4,0.0,0.0,35.0,292.0,0.9,824,83.0,685.0,1305.0,41.0,0.97,9,1.08,10,2.4,20.0,5.1,42.0,1.13,28,228.0,1.74314159734,19.4312434833,10.5871925403,1.3202808782,4.408088416,1.0,2.0
33,35,45.0,1025,0.18,4,21070.0,863864.0,41.0,144,6.3,86.64,2.01,0.0,0.0,0.4,892,90.0,806.0,2130.0,24.0,3.82,87,0.83,19,0.2,2.0,0.45,4.0,1.27,0,0.0,1.74314159734,19.4312434833,10.5871925403,1.3202808782,4.408088416,1.0,2.0
34,36,3.9,23,0.84,5,8811.0,273134.0,26.0,103,17.4,100.0,4.19,32.0,393.0,2.1,1232,64.0,793.0,1947.0,36.0,0.51,3,4.55,27,0.8,8.0,0.24,3.0,1.1,61,753.0,0.0,4.85781087082,2.42890543541,0.0,2.204044208,0.0,1.0
35,37,9.7,24,0.0,0,7347.0,235105.0,69.0,56,23.0,100.0,1.16,4.0,34.0,3.2,774,80.0,619.0,1072.0,63.0,2.47,6,12.33,30,0.0,0.0,4.39,34.0,1.42,100,774.0,6.97256638936,19.4312434833,13.2019049363,2.6405617564,4.408088416,2.0,2.0
36,38,13.0,243,1.97,37,50046.0,5304928.0,24.0,456,24.3,0.0,0.0,26.0,216.0,0.4,841,90.0,757.0,2427.0,25.0,0.0,0,0.8,15,0.4,3.0,0.48,4.0,1.17,0,4.0,15.6882743761,19.4312434833,17.5597589297,3.9608426346,4.408088416,3.0,2.0
37,39,16.3,109,0.15,1,16116.0,80581.0,32.0,78,11.7,27.22,0.49,0.0,0.0,1.4,965,100.0,964.0,1934.0,26.0,1.2,8,2.54,17,1.2,12.0,0.21,2.0,1.05,5,44.0,0.0,4.85781087082,2.42890543541,0.0,2.204044208,0.0,1.0
38,40,5.4,19,0.29,1,17894.0,89468.0,30.0,68,19.5,0.0,0.0,78.0,930.0,3.4,1191,51.0,607.0,1426.0,35.0,5.17,18,2.3,8,0.9,8.0,2.1,25.0,1.22,100,1191.0,6.97256638936,19.4312434833,13.2019049363,2.6405617564,4.408088416,2.0,2.0
39,41,3.3,10,9.58,30,79526.0,159052.0,25.0,49,15.6,0.0,0.0,46.0,354.0,2.5,773,48.0,373.0,1677.0,38.0,0.0,0,3.19,10,0.4,3.0,0.39,3.0,1.1,100,773.0,0.0,4.85781087082,2.42890543541,0.0,2.204044208,0.0,1.0
40,42,0.0,0,1.14,4,1697.0,3393.0,41.0,83,23.6,96.05,2.43,3.0,46.0,3.8,1328,26.0,340.0,3244.0,32.0,0.0,0,4.26,15,0.1,1.0,0.08,1.0,1.07,68,902.0,0.0,4.85781087082,2.42890543541,0.0,2.204044208,0.0,1.0
41,43,1.4,5,0.28,1,22142.0,66425.0,24.0,62,17.3,97.1,3.35,62.0,403.0,1.8,655,60.0,391.0,2982.0,44.0,0.28,1,3.07,11,0.0,0.0,0.61,4.0,1.15,95,625.0,0.0,4.85781087082,2.42890543541,0.0,2.204044208,0.0,1.0
43,45,35.6,343,0.93,9,156817.0,470450.0,5.0,138,14.3,0.0,0.0,3.0,39.0,1.2,1180,94.0,1111.0,2848.0,10.0,20.93,202,2.8,27,0.1,1.0,0.0,0.0,1.27,8,99.0,1.74314159734,19.4312434833,10.5871925403,1.3202808782,4.408088416,1.0,2.0
45,47,1.8,3,2.87,4,9304.0,65127.0,33.0,55,39.4,100.0,1.1,100.0,639.0,4.6,639,3.0,20.0,3442.0,46.0,0.0,0,2.87,4,0.0,0.0,0.0,0.0,1.08,100,639.0,0.0,4.85781087082,2.42890543541,0.0,2.204044208,0.0,1.0
46,48,16.4,311,0.32,6,21437.0,107184.0,25.0,81,4.3,100.0,3.09,0.0,0.0,0.3,610,83.0,504.0,2008.0,20.0,0.0,0,0.47,9,1.5,9.0,0.33,2.0,1.18,43,260.0,0.0,19.4312434833,9.71562174164,0.0,4.408088416,0.0,2.0
47,49,12.6,151,0.0,0,3602.0,32420.0,48.0,75,6.2,0.0,0.0,0.0,0.0,0.8,974,100.0,970.0,1853.0,29.0,0.0,0,0.83,10,1.1,10.0,0.1,1.0,1.08,0,0.0,1.74314159734,4.85781087082,3.30047623408,1.3202808782,2.204044208,1.0,1.0
48,50,1.2,3,4.11,11,8284.0,124262.0,39.0,61,22.8,0.0,0.0,69.0,727.0,3.9,1054,39.0,407.0,1517.0,37.0,0.0,0,3.74,10,1.8,9.0,8.92,94.0,1.11,93,976.0,1.74314159734,19.4312434833,10.5871925403,1.3202808782,4.408088416,1.0,2.0
49,51,8.4,24,2.84,8,19382.0,910968.0,60.0,82,29.1,100.0,1.09,0.0,0.0,2.7,765,52.0,399.0,1553.0,63.0,0.35,1,7.45,21,0.5,3.0,0.65,5.0,1.35,100,765.0,1.74314159734,19.4312434833,10.5871925403,1.3202808782,4.408088416,1.0,2.0
51,53,16.0,70,0.92,4,20147.0,523818.0,34.0,86,19.7,0.0,0.0,25.0,309.0,2.8,1221,44.0,531.0,1370.0,42.0,0.0,0,1.37,6,0.4,3.0,1.47,18.0,1.2,100,1221.0,6.97256638936,19.4312434833,13.2019049363,2.6405617564,4.408088416,2.0,2.0
52,54,32.6,271,3.12,26,44262.0,929499.0,29.0,101,12.1,0.0,0.0,1.0,5.0,0.7,559,100.0,559.0,1215.0,45.0,0.12,1,1.44,12,0.5,3.0,3.76,21.0,1.19,95,530.0,1.74314159734,19.4312434833,10.5871925403,1.3202808782,4.408088416,1.0,2.0
53,55,7.0,39,0.54,3,17195.0,464261.0,28.0,106,19.2,100.0,1.56,5.0,41.0,1.5,805,85.0,683.0,2161.0,35.0,0.18,1,2.71,15,0.1,1.0,0.37,3.0,1.12,95,764.0,0.0,4.85781087082,2.42890543541,0.0,2.204044208,0.0,1.0
54,56,14.2,42,2.04,6,58378.0,467026.0,22.0,84,28.6,100.0,1.47,96.0,348.0,1.2,364,29.0,105.0,3030.0,37.0,0.0,0,4.09,12,0.0,0.0,0.55,2.0,1.08,89,324.0,1.74314159734,19.4312434833,10.5871925403,1.3202808782,4.408088416,1.0,2.0
56,58,2.9,6,1.37,3,8204.0,172279.0,38.0,50,22.9,55.38,1.08,89.0,432.0,2.2,484,53.0,256.0,1877.0,43.0,0.0,0,2.29,5,0.0,0.0,3.1,15.0,1.17,100,484.0,0.0,19.4312434833,9.71562174164,0.0,4.408088416,0.0,2.0
58,60,22.8,183,3.37,27,24774.0,421163.0,18.0,100,12.5,80.5,2.27,72.0,1000.0,1.7,1383,1.0,7.0,2434.0,50.0,0.0,0,0.0,0,0.0,0.0,0.43,6.0,1.23,92,1275.0,0.0,19.4312434833,9.71562174164,0.0,4.408088416,0.0,2.0
59,61,16.0,48,0.66,2,52263.0,104526.0,20.0,39,12.9,52.83,0.28,9.0,37.0,1.4,434,64.0,276.0,1751.0,25.0,0.0,0,0.66,2,0.4,1.0,0.69,3.0,1.12,0,0.0,1.74314159734,19.4312434833,10.5871925403,1.3202808782,4.408088416,1.0,2.0
62,65,38.5,139,3.05,11,13356.0,93490.0,12.0,57,15.8,100.0,1.91,0.0,0.0,2.6,938,1.0,6.0,1348.0,58.0,0.0,0,0.0,0,0.0,0.0,0.0,0.0,1.27,92,860.0,0.0,4.85781087082,2.42890543541,0.0,2.204044208,0.0,1.0
63,66,5.3,20,7.34,27,35032.0,1366259.0,21.0,156,42.4,100.0,1.9,56.0,751.0,3.7,1353,3.0,35.0,2034.0,29.0,0.0,0,0.27,1,0.4,1.0,0.67,9.0,1.12,100,1353.0,15.6882743761,43.7202978374,29.7042861067,3.9608426346,6.612132624,3.0,3.0
65,68,26.4,334,1.42,18,40227.0,3942260.0,26.0,301,23.8,100.0,2.0,64.0,729.0,0.9,1132,31.0,345.0,2122.0,21.0,0.0,0,0.24,3,0.3,2.0,0.18,2.0,1.09,61,689.0,1.74314159734,19.4312434833,10.5871925403,1.3202808782,4.408088416,1.0,2.0
66,69,1.0,4,1.05,4,22389.0,201504.0,10.0,66,17.4,100.0,0.26,67.0,482.0,1.9,719,34.0,247.0,4184.0,39.0,0.79,3,5.8,22,0.0,0.0,0.0,0.0,1.16,94,675.0,0.0,19.4312434833,9.71562174164,0.0,4.408088416,0.0,2.0
67,70,2.1,6,1.69,5,9415.0,178890.0,38.0,72,24.3,0.0,0.0,66.0,344.0,1.8,521,100.0,520.0,1199.0,56.0,0.0,0,3.72,11,0.8,4.0,4.22,22.0,1.32,100,521.0,15.6882743761,19.4312434833,17.5597589297,3.9608426346,4.408088416,3.0,2.0
68,71,2.9,10,0.0,0,4666.0,37329.0,41.0,78,22.0,0.0,0.0,60.0,854.0,4.0,1425,15.0,212.0,1737.0,31.0,0.0,0,0.56,2,0.0,0.0,2.32,33.0,1.12,100,1425.0,6.97256638936,19.4312434833,13.2019049363,2.6405617564,4.408088416,2.0,2.0
69,72,25.8,300,3.35,39,54433.0,2395062.0,11.0,226,19.4,0.0,0.0,39.0,443.0,1.0,1128,22.0,246.0,2317.0,22.0,4.64,54,0.26,3,0.4,2.0,0.18,2.0,1.32,89,1007.0,6.97256638936,43.7202978374,25.3464321134,2.6405617564,6.612132624,2.0,3.0
70,73,33.4,1360,0.29,12,71718.0,3012144.0,30.0,280,6.9,26.87,2.01,2.0,19.0,0.3,1093,94.0,1029.0,1692.0,25.0,0.69,28,0.15,6,0.9,10.0,0.64,7.0,1.18,0,5.0,6.97256638936,19.4312434833,13.2019049363,2.6405617564,4.408088416,2.0,2.0
72,75,5.7,20,1.17,4,36598.0,36598.0,12.0,65,18.9,0.0,0.0,89.0,706.0,2.3,795,33.0,262.0,4401.0,15.0,0.87,3,4.37,15,0.9,7.0,0.13,1.0,1.13,0,0.0,0.0,4.85781087082,2.42890543541,0.0,2.204044208,0.0,1.0
73,76,19.4,252,0.85,11,13403.0,120627.0,17.0,102,7.9,0.0,0.0,3.0,36.0,0.9,1154,100.0,1150.0,2497.0,13.0,0.0,0,0.38,5,0.5,6.0,0.09,1.0,1.12,8,88.0,0.0,4.85781087082,2.42890543541,0.0,2.204044208,0.0,1.0
74,77,28.1,287,0.49,5,10911.0,229140.0,16.0,133,13.0,100.0,0.18,59.0,1316.0,2.2,2245,47.0,1052.0,2117.0,13.0,0.0,0,0.49,5,0.4,5.0,0.04,1.0,1.19,51,1134.0,0.0,19.4312434833,9.71562174164,0.0,4.408088416,0.0,2.0
75,78,9.3,59,3.47,22,55684.0,2561479.0,19.0,188,29.6,45.63,3.08,41.0,373.0,1.5,919,47.0,427.0,2553.0,15.0,0.0,0,0.32,2,0.0,0.0,0.33,3.0,1.17,93,858.0,0.0,4.85781087082,2.42890543541,0.0,2.204044208,0.0,1.0
77,80,52.7,363,1.16,8,5250.0,20998.0,19.0,39,5.7,0.0,0.0,0.0,0.0,1.7,1163,2.0,23.0,1634.0,51.0,0.0,0,0.0,0,2.2,9.0,0.0,0.0,1.27,0,0.0,0.0,19.4312434833,9.71562174164,0.0,4.408088416,0.0,2.0
78,81,14.0,27,2.62,5,6955.0,13909.0,13.0,43,22.6,0.0,0.0,56.0,253.0,2.4,454,62.0,280.0,2013.0,21.0,0.0,0,1.57,3,0.7,3.0,0.0,0.0,1.06,95,433.0,0.0,4.85781087082,2.42890543541,0.0,2.204044208,0.0,1.0
79,82,26.5,99,1.34,5,13313.0,146445.0,13.0,80,21.4,100.0,0.79,46.0,524.0,3.0,1134,36.0,410.0,2823.0,12.0,0.27,1,1.6,6,0.7,5.0,0.18,2.0,1.24,90,1022.0,0.0,4.85781087082,2.42890543541,0.0,2.204044208,0.0,1.0
80,83,59.7,1432,0.04,1,52464.0,209854.0,53.0,64,2.7,0.0,0.0,0.0,0.0,0.1,291,78.0,226.0,2147.0,44.0,0.04,1,0.38,9,0.3,1.0,3.09,9.0,1.02,0,0.0,0.0,4.85781087082,2.42890543541,0.0,2.204044208,0.0,1.0
81,84,48.5,1205,0.12,3,24403.0,219629.0,44.0,43,1.7,0.0,0.0,15.0,37.0,0.1,240,95.0,229.0,1537.0,51.0,0.48,12,0.0,0,0.8,2.0,0.42,1.0,1.16,20,48.0,0.0,19.4312434833,9.71562174164,0.0,4.408088416,0.0,2.0
82,85,8.6,24,0.36,1,2691.0,43057.0,65.0,45,16.3,0.0,0.0,37.0,286.0,2.8,769,82.0,634.0,1033.0,58.0,0.0,0,4.35,12,0.5,3.0,5.46,42.0,1.26,100,769.0,6.97256638936,19.4312434833,13.2019049363,2.6405617564,4.408088416,2.0,2.0
83,86,1.0,1,81.76,81,3783.0,45397.0,40.0,39,39.4,100.0,1.0,61.0,678.0,11.3,1116,2.0,23.0,890.0,61.0,0.0,0,0.0,0,0.5,1.0,2.6,29.0,1.0,100,1116.0,0.0,19.4312434833,9.71562174164,0.0,4.408088416,0.0,2.0
85,88,11.3,48,0.93,4,12229.0,611473.0,56.0,62,14.4,0.0,0.0,0.0,0.0,1.1,466,100.0,466.0,1007.0,52.0,3.49,15,3.72,16,1.2,5.0,6.22,29.0,1.21,100,466.0,0.0,19.4312434833,9.71562174164,0.0,4.408088416,0.0,2.0
86,89,7.4,18,0.0,0,1402.0,2804.0,29.0,35,14.7,0.0,0.0,41.0,227.0,2.3,549,100.0,549.0,1391.0,35.0,0.0,0,2.95,7,0.4,2.0,0.73,4.0,1.1,99,544.0,1.74314159734,19.4312434833,10.5871925403,1.3202808782,4.408088416,1.0,2.0
88,91,4.1,12,0.35,1,1434.0,1434.0,15.0,44,15.6,0.0,0.0,0.0,0.0,3.0,839,83.0,695.0,1508.0,35.0,0.0,0,2.48,7,1.0,7.0,0.48,4.0,1.07,68,568.0,0.0,4.85781087082,2.42890543541,0.0,2.204044208,0.0,1.0
91,94,16.9,111,1.68,11,42349.0,1566926.0,27.0,131,20.0,0.0,0.0,16.0,60.0,0.6,378,94.0,354.0,1133.0,43.0,0.0,0,0.91,6,1.1,4.0,1.06,4.0,1.27,95,360.0,0.0,19.4312434833,9.71562174164,0.0,4.408088416,0.0,2.0
93,96,28.2,202,1.67,12,26640.0,825852.0,12.0,166,23.1,88.19,2.54,48.0,900.0,2.6,1865,32.0,605.0,1604.0,22.0,5.56,40,0.7,5,1.0,10.0,0.21,4.0,1.17,97,1812.0,0.0,19.4312434833,9.71562174164,0.0,4.408088416,0.0,2.0
94,97,4.3,24,0.18,1,8482.0,25446.0,32.0,89,16.2,28.76,1.76,4.0,66.0,2.9,1556,59.0,915.0,1884.0,24.0,6.01,33,1.46,8,0.9,10.0,0.06,1.0,1.08,66,1022.0,0.0,4.85781087082,2.42890543541,0.0,2.204044208,0.0,1.0
95,98,29.0,464,0.0,0,6090.0,30452.0,43.0,78,4.9,30.8,0.81,1.0,10.0,0.6,977,86.0,840.0,2085.0,16.0,6.55,105,0.31,5,1.4,14.0,0.1,1.0,1.08,61,593.0,0.0,4.85781087082,2.42890543541,0.0,2.204044208,0.0,1.0
101,105,5.4,12,0.9,2,2068.0,2068.0,38.0,57,25.7,100.0,1.32,5.0,40.0,3.5,784,24.0,189.0,1856.0,43.0,76.73,170,4.06,9,0.0,0.0,0.26,2.0,1.31,94,737.0,0.0,19.4312434833,9.71562174164,0.0,4.408088416,0.0,2.0
103,107,3.1,5,1.87,3,36869.0,73737.0,19.0,48,30.0,46.28,0.56,62.0,416.0,4.2,675,4.0,25.0,1530.0,58.0,0.0,0,0.0,0,1.6,4.0,0.3,2.0,1.16,100,675.0,1.74314159734,19.4312434833,10.5871925403,1.3202808782,4.408088416,1.0,2.0
105,109,16.4,204,0.24,3,13234.0,383795.0,21.0,128,10.3,0.0,0.0,44.0,421.0,0.8,947,60.0,570.0,3386.0,20.0,0.48,6,2.89,36,0.5,4.0,0.0,0.0,1.11,45,422.0,0.0,4.85781087082,2.42890543541,0.0,2.204044208,0.0,1.0
106,110,20.1,280,0.14,2,11904.0,166657.0,26.0,78,5.6,0.0,0.0,33.0,251.0,0.5,761,68.0,518.0,2266.0,28.0,0.14,2,0.43,6,0.4,2.0,0.13,1.0,1.08,33,251.0,0.0,4.85781087082,2.42890543541,0.0,2.204044208,0.0,1.0
108,112,31.3,512,0.0,0,3053.0,12211.0,69.0,54,3.3,0.0,0.0,0.0,0.0,0.4,584,93.0,544.0,2127.0,29.0,1.34,22,0.67,11,0.2,1.0,0.17,1.0,1.14,0,0.0,0.0,4.85781087082,2.42890543541,0.0,2.204044208,0.0,1.0
109,113,17.6,235,0.15,2,14519.0,406523.0,35.0,121,9.0,0.0,0.0,0.0,0.0,1.1,1446,100.0,1445.0,1713.0,19.0,1.49,20,0.6,8,1.0,14.0,0.41,6.0,1.09,5,79.0,0.0,19.4312434833,9.71562174164,0.0,4.408088416,0.0,2.0
110,114,21.9,144,1.52,10,31313.0,1158595.0,30.0,102,15.5,0.0,0.0,0.0,0.0,0.7,441,52.0,227.0,910.0,57.0,0.0,0,0.46,3,0.6,1.0,3.63,16.0,1.13,100,441.0,6.97256638936,19.4312434833,13.2019049363,2.6405617564,4.408088416,2.0,2.0
111,115,9.0,64,0.28,2,10123.0,293565.0,10.0,166,23.1,15.34,0.85,12.0,212.0,2.6,1839,77.0,1411.0,3000.0,12.0,0.0,0,3.2,23,0.2,3.0,0.05,1.0,1.31,0,0.0,0.0,19.4312434833,9.71562174164,0.0,4.408088416,0.0,2.0
113,117,6.3,63,0.5,5,23605.0,283258.0,25.0,86,8.7,0.0,0.0,22.0,318.0,1.5,1479,78.0,1158.0,1999.0,12.0,3.43,34,0.4,4,1.3,15.0,0.41,6.0,1.08,33,495.0,0.0,4.85781087082,2.42890543541,0.0,2.204044208,0.0,1.0
114,118,4.0,13,0.31,1,9227.0,18454.0,17.0,45,14.1,100.0,0.33,0.0,0.0,1.4,432,100.0,432.0,2730.0,30.0,0.0,0,5.0,16,0.2,1.0,0.23,1.0,1.04,71,307.0,0.0,4.85781087082,2.42890543541,0.0,2.204044208,0.0,1.0
115,119,12.0,122,0.49,5,9704.0,155257.0,37.0,98,9.6,0.0,0.0,25.0,117.0,0.5,467,100.0,467.0,1590.0,43.0,0.0,0,0.49,5,0.4,2.0,1.93,9.0,1.26,80,373.0,0.0,19.4312434833,9.71562174164,0.0,4.408088416,0.0,2.0
116,120,11.7,45,0.52,2,10346.0,175890.0,39.0,50,13.1,1.08,0.01,0.0,0.0,1.5,579,49.0,281.0,1137.0,44.0,0.78,3,2.09,8,0.4,1.0,3.97,23.0,1.21,100,579.0,15.6882743761,19.4312434833,17.5597589297,3.9608426346,4.408088416,3.0,2.0
119,123,13.8,167,0.41,5,22504.0,675108.0,26.0,119,9.8,57.97,2.0,1.0,14.0,0.9,1088,74.0,808.0,1472.0,41.0,0.0,0,1.24,15,0.8,6.0,1.47,16.0,1.16,99,1075.0,6.97256638936,19.4312434833,13.2019049363,2.6405617564,4.408088416,2.0,2.0
120,124,11.7,83,1.55,11,18781.0,1558795.0,40.0,245,34.6,5.0,0.03,72.0,635.0,1.3,888,63.0,560.0,1147.0,65.0,0.0,0,1.13,8,0.9,6.0,1.69,15.0,1.32,100,888.0,6.97256638936,19.4312434833,13.2019049363,2.6405617564,4.408088416,2.0,2.0
122,126,80.6,113,0.71,1,4960.0,19839.0,44.0,20,14.2,0.0,0.0,0.0,0.0,2.1,290,29.0,84.0,2221.0,8.0,44.12,62,34.15,48,0.0,0.0,0.69,2.0,1.3,100,290.0,0.0,19.4312434833,9.71562174164,0.0,4.408088416,0.0,2.0
123,127,26.4,119,0.45,2,6184.0,98947.0,35.0,131,29.2,1.2,0.01,27.0,267.0,2.2,989,34.0,332.0,1595.0,38.0,0.0,0,0.67,3,0.6,2.0,0.81,8.0,1.08,99,975.0,1.74314159734,19.4312434833,10.5871925403,1.3202808782,4.408088416,1.0,2.0
124,128,5.2,14,0.37,1,4005.0,72084.0,48.0,55,20.5,0.0,0.0,46.0,480.0,3.9,1042,51.0,535.0,1104.0,57.0,0.0,0,6.7,18,0.2,1.0,4.41,46.0,1.3,100,1042.0,6.97256638936,19.4312434833,13.2019049363,2.6405617564,4.408088416,2.0,2.0
126,130,31.0,1120,0.06,2,8757.0,52541.0,31.0,125,3.5,0.0,0.0,0.0,0.0,0.2,766,82.0,630.0,3338.0,28.0,1.08,39,0.44,16,0.3,2.0,0.26,2.0,1.12,0,0.0,0.0,19.4312434833,9.71562174164,0.0,4.408088416,0.0,2.0
128,132,0.4,1,2.65,5,8970.0,125585.0,56.0,33,17.5,77.04,1.98,0.0,0.0,1.5,281,99.0,279.0,1233.0,64.0,0.0,0,5.3,10,0.5,1.0,0.71,2.0,1.19,100,281.0,1.74314159734,19.4312434833,10.5871925403,1.3202808782,4.408088416,1.0,2.0
130,134,11.7,14,0.0,0,6537.0,26146.0,27.0,22,19.0,100.0,2.02,100.0,449.0,3.9,449,41.0,185.0,1600.0,35.0,0.0,0,1.73,2,1.1,2.0,0.0,0.0,1.18,100,449.0,0.0,19.4312434833,9.71562174164,0.0,4.408088416,0.0,2.0
132,136,14.1,97,0.15,1,3968.0,23806.0,38.0,52,7.5,0.0,0.0,3.0,26.0,1.2,821,98.0,808.0,2158.0,15.0,1.16,8,1.31,9,1.0,8.0,0.12,1.0,1.17,35,285.0,0.0,4.85781087082,2.42890543541,0.0,2.204044208,0.0,1.0
133,137,20.5,144,2.14,15,11810.0,708588.0,39.0,89,12.7,0.0,0.0,1.0,6.0,0.8,547,99.0,543.0,1584.0,21.0,0.14,1,0.14,1,0.9,5.0,0.55,3.0,1.11,8,45.0,1.74314159734,19.4312434833,10.5871925403,1.3202808782,4.408088416,1.0,2.0
134,138,7.0,36,0.2,1,17854.0,1231914.0,37.0,121,23.8,0.0,0.0,0.0,0.0,0.5,251,100.0,251.0,1145.0,55.0,0.0,0,0.79,4,0.0,0.0,2.79,7.0,1.18,100,251.0,15.6882743761,43.7202978374,29.7042861067,3.9608426346,6.612132624,3.0,3.0
135,139,19.5,125,0.31,2,7377.0,206564.0,36.0,55,8.6,0.0,0.0,19.0,125.0,1.0,660,76.0,500.0,1292.0,26.0,0.0,0,1.25,8,1.8,9.0,1.36,9.0,1.16,100,660.0,6.97256638936,19.4312434833,13.2019049363,2.6405617564,4.408088416,2.0,2.0
136,140,13.5,141,0.38,4,20060.0,521560.0,34.0,118,11.3,0.0,0.0,28.0,304.0,1.0,1075,92.0,987.0,1496.0,37.0,0.1,1,1.15,12,0.7,7.0,1.21,13.0,1.18,67,716.0,6.97256638936,19.4312434833,13.2019049363,2.6405617564,4.408088416,2.0,2.0
137,141,12.5,85,1.03,7,25731.0,2701756.0,46.0,191,28.1,10.88,0.32,98.0,335.0,0.5,342,81.0,276.0,1126.0,55.0,0.0,0,0.29,2,0.8,2.0,2.34,8.0,1.31,100,342.0,15.6882743761,43.7202978374,29.7042861067,3.9608426346,6.612132624,3.0,3.0
138,142,1.9,8,2.26,10,64667.0,1552016.0,26.0,166,37.6,100.0,3.04,100.0,1299.0,2.9,1299,20.0,263.0,1227.0,42.0,1.13,5,0.91,4,0.2,1.0,0.69,9.0,1.16,100,1299.0,0.0,19.4312434833,9.71562174164,0.0,4.408088416,0.0,2.0
142,146,11.9,52,1.38,6,29207.0,321279.0,12.0,81,18.6,0.0,0.0,62.0,411.0,1.5,667,91.0,605.0,2026.0,28.0,0.0,0,1.15,5,0.5,3.0,0.45,3.0,1.15,85,564.0,0.0,19.4312434833,9.71562174164,0.0,4.408088416,0.0,2.0
143,147,9.7,44,0.66,3,18675.0,205430.0,31.0,77,16.9,0.0,0.0,25.0,275.0,2.4,1083,47.0,513.0,1699.0,34.0,1.54,7,1.32,6,1.4,12.0,0.65,7.0,1.05,100,1083.0,0.0,19.4312434833,9.71562174164,0.0,4.408088416,0.0,2.0
144,148,4.0,24,0.67,4,6112.0,24449.0,26.0,88,14.7,87.85,0.94,51.0,483.0,1.6,940,67.0,628.0,3049.0,23.0,3.02,18,3.35,20,0.2,1.0,0.11,1.0,1.08,54,505.0,0.0,19.4312434833,9.71562174164,0.0,4.408088416,0.0,2.0
146,150,8.2,46,0.0,0,5987.0,41912.0,32.0,43,7.7,0.0,0.0,8.0,55.0,1.2,680,78.0,533.0,1553.0,24.0,0.0,0,0.72,4,0.6,3.0,1.47,10.0,1.09,45,309.0,0.0,4.85781087082,2.42890543541,0.0,2.204044208,0.0,1.0
148,152,29.6,176,0.0,0,1836.0,1836.0,11.0,23,3.9,20.54,1.15,0.0,0.0,0.5,294,99.0,290.0,1838.0,23.0,0.34,2,0.67,4,0.7,2.0,2.04,6.0,1.11,0,0.0,0.0,4.85781087082,2.42890543541,0.0,2.204044208,0.0,1.0
149,153,9.2,74,1.11,9,15879.0,396981.0,14.0,124,15.3,29.69,1.14,19.0,234.0,1.5,1225,100.0,1223.0,2863.0,14.0,0.37,3,1.35,11,0.2,3.0,0.24,3.0,1.08,35,431.0,0.0,19.4312434833,9.71562174164,0.0,4.408088416,0.0,2.0
151,155,37.2,463,0.64,8,9657.0,86913.0,37.0,91,7.3,3.37,0.18,11.0,119.0,0.8,1036,82.0,849.0,1830.0,20.0,1.12,14,0.24,3,0.8,7.0,0.39,4.0,1.05,0,0.0,0.0,4.85781087082,2.42890543541,0.0,2.204044208,0.0,1.0
152,156,29.7,332,0.18,2,8988.0,89881.0,24.0,80,7.2,0.0,0.0,36.0,454.0,1.1,1253,97.0,1221.0,1904.0,15.0,2.6,29,1.43,16,1.8,22.0,0.72,9.0,1.08,73,915.0,0.0,19.4312434833,9.71562174164,0.0,4.408088416,0.0,2.0
154,158,6.7,83,1.14,14,69609.0,2784350.0,36.0,263,21.4,41.83,1.69,0.0,0.0,1.1,1288,100.0,1288.0,1376.0,26.0,1.22,15,1.14,14,1.0,13.0,1.09,14.0,1.1,65,837.0,6.97256638936,19.4312434833,13.2019049363,2.6405617564,4.408088416,2.0,2.0
155,159,28.5,139,0.82,4,3650.0,51099.0,46.0,59,12.1,0.0,0.0,0.0,0.0,0.8,397,77.0,305.0,1078.0,44.0,1.02,5,1.84,9,0.4,1.0,4.79,19.0,1.25,100,397.0,0.0,19.4312434833,9.71562174164,0.0,4.408088416,0.0,2.0
156,160,7.0,54,0.9,7,19162.0,862300.0,33.0,124,16.0,0.0,0.0,0.0,0.0,1.4,1106,80.0,880.0,1318.0,38.0,0.0,0,2.06,16,0.8,7.0,2.53,28.0,1.13,100,1106.0,1.74314159734,19.4312434833,10.5871925403,1.3202808782,4.408088416,1.0,2.0
157,161,2.9,9,1.7,5,26569.0,132845.0,33.0,66,22.4,100.0,2.01,0.0,0.0,3.9,1134,8.0,94.0,3749.0,30.0,4.42,13,4.08,12,0.0,0.0,2.12,24.0,1.13,93,1054.0,0.0,19.4312434833,9.71562174164,0.0,4.408088416,0.0,2.0
160,164,1.5,10,6.08,39,10752.0,720370.0,40.0,163,25.4,100.0,1.14,69.0,1225.0,2.8,1766,27.0,480.0,1408.0,58.0,0.31,2,2.81,18,1.4,6.0,5.27,93.0,1.27,100,1766.0,1.74314159734,19.4312434833,10.5871925403,1.3202808782,4.408088416,1.0,2.0
168,172,4.4,41,0.74,7,30728.0,583834.0,15.0,142,15.1,0.0,0.0,38.0,430.0,1.2,1137,53.0,601.0,3053.0,10.0,0.64,6,0.96,9,0.0,0.0,0.0,0.0,1.31,53,602.0,0.0,4.85781087082,2.42890543541,0.0,2.204044208,0.0,1.0
170,174,48.6,1545,1.64,52,45398.0,2496870.0,20.0,256,8.1,29.23,2.33,29.0,181.0,0.2,627,92.0,576.0,1781.0,31.0,0.03,1,0.09,3,0.5,3.0,0.0,0.0,1.14,28,177.0,0.0,19.4312434833,9.71562174164,0.0,4.408088416,0.0,2.0
172,176,2.1,10,0.21,1,1615.0,3229.0,16.0,89,19.0,0.0,0.0,28.0,326.0,2.5,1163,84.0,972.0,2482.0,20.0,0.43,2,4.27,20,0.2,2.0,0.26,3.0,1.11,29,343.0,0.0,4.85781087082,2.42890543541,0.0,2.204044208,0.0,1.0
173,177,1.5,7,0.2,1,468.0,468.0,33.0,77,15.2,56.59,2.49,23.0,184.0,1.6,792,73.0,578.0,2763.0,35.0,1.18,6,5.72,29,0.1,1.0,0.13,1.0,1.1,98,780.0,0.0,4.85781087082,2.42890543541,0.0,2.204044208,0.0,1.0
174,178,16.9,343,2.91,59,54678.0,5850572.0,23.0,378,18.7,53.2,2.99,22.0,287.0,0.6,1311,13.0,167.0,1549.0,47.0,10.92,221,0.64,13,0.0,0.0,0.31,4.0,1.2,78,1025.0,1.74314159734,19.4312434833,10.5871925403,1.3202808782,4.408088416,1.0,2.0
175,179,3.9,19,1.0,5,6559.0,45911.0,40.0,91,18.1,100.0,1.69,24.0,158.0,1.3,660,96.0,635.0,2526.0,50.0,1.79,9,9.37,47,0.2,1.0,0.15,1.0,1.16,72,478.0,0.0,4.85781087082,2.42890543541,0.0,2.204044208,0.0,1.0
176,180,12.4,37,4.01,12,12568.0,377042.0,38.0,65,21.7,100.0,0.12,4.0,22.0,1.7,520,100.0,520.0,1491.0,32.0,0.0,0,2.0,6,0.9,4.0,2.12,11.0,1.11,92,476.0,0.0,19.4312434833,9.71562174164,0.0,4.408088416,0.0,2.0
177,181,2.7,28,0.59,6,24750.0,148502.0,21.0,167,16.4,100.0,5.19,45.0,574.0,1.2,1267,55.0,690.0,3390.0,27.0,0.0,0,3.33,34,0.4,4.0,0.16,2.0,1.07,70,892.0,0.0,4.85781087082,2.42890543541,0.0,2.204044208,0.0,1.0
180,184,1.8,4,0.43,1,8955.0,53732.0,60.0,37,15.8,100.0,1.16,85.0,586.0,2.9,689,100.0,689.0,1474.0,61.0,7.27,17,18.38,43,0.2,1.0,0.15,1.0,1.36,100,689.0,0.0,19.4312434833,9.71562174164,0.0,4.408088416,0.0,2.0
182,186,8.8,56,0.63,4,49514.0,396110.0,28.0,99,15.6,46.72,3.13,34.0,280.0,1.3,828,98.0,811.0,1469.0,31.0,0.47,3,1.73,11,1.6,13.0,0.72,6.0,1.07,73,602.0,0.0,4.85781087082,2.42890543541,0.0,2.204044208,0.0,1.0
185,189,0.0,0,3.65,3,4591.0,9181.0,18.0,20,24.4,100.0,0.2,88.0,400.0,5.5,453,12.0,53.0,4185.0,17.0,0.0,0,3.65,3,0.0,0.0,0.44,2.0,1.05,100,453.0,0.0,4.85781087082,2.42890543541,0.0,2.204044208,0.0,1.0
187,191,10.0,43,0.0,0,6038.0,30189.0,31.0,54,12.7,44.95,1.47,54.0,514.0,2.2,945,63.0,599.0,2008.0,23.0,0.0,0,2.36,10,0.5,4.0,0.11,1.0,1.07,23,216.0,0.0,4.85781087082,2.42890543541,0.0,2.204044208,0.0,1.0
188,192,23.8,331,1.44,20,16842.0,707355.0,21.0,172,12.4,0.0,0.0,0.0,0.0,0.7,1030,61.0,631.0,2534.0,14.0,5.61,78,1.15,16,0.6,4.0,0.0,0.0,1.18,85,873.0,1.74314159734,19.4312434833,10.5871925403,1.3202808782,4.408088416,1.0,2.0
189,193,1.4,4,2.29,7,17761.0,426274.0,42.0,82,26.9,37.59,1.09,64.0,365.0,1.9,567,61.0,344.0,2758.0,49.0,0.66,2,10.16,31,0.2,1.0,0.53,3.0,1.19,100,567.0,0.0,19.4312434833,9.71562174164,0.0,4.408088416,0.0,2.0
190,194,3.9,29,0.81,6,11586.0,104277.0,24.0,119,16.2,56.46,2.01,23.0,231.0,1.4,1014,74.0,748.0,3962.0,24.0,5.7,42,6.79,50,0.1,1.0,0.0,0.0,1.05,71,723.0,0.0,4.85781087082,2.42890543541,0.0,2.204044208,0.0,1.0
191,195,44.5,483,0.0,0,2364.0,7093.0,16.0,68,6.3,0.0,0.0,0.0,0.0,0.8,851,50.0,429.0,2565.0,15.0,0.28,3,0.92,10,0.3,2.0,0.0,0.0,1.15,0,0.0,0.0,4.85781087082,2.42890543541,0.0,2.204044208,0.0,1.0
192,196,12.6,121,0.62,6,10734.0,85874.0,43.0,71,7.4,0.0,0.0,41.0,300.0,0.8,738,71.0,521.0,1976.0,19.0,0.31,3,0.62,6,2.2,16.0,0.68,5.0,1.14,87,640.0,0.0,4.85781087082,2.42890543541,0.0,2.204044208,0.0,1.0
193,197,6.8,22,0.94,3,3269.0,3269.0,23.0,54,17.0,0.0,0.0,0.0,3.0,3.1,993,43.0,431.0,1827.0,35.0,0.0,0,1.26,4,1.1,7.0,1.01,10.0,1.13,88,871.0,1.74314159734,4.85781087082,3.30047623408,1.3202808782,2.204044208,1.0,1.0
194,198,7.1,23,0.31,1,5021.0,15063.0,38.0,50,15.7,36.99,1.18,0.0,0.0,2.6,816,44.0,357.0,2838.0,38.0,1.25,4,5.32,17,0.0,0.0,0.12,1.0,1.09,100,816.0,0.0,4.85781087082,2.42890543541,0.0,2.204044208,0.0,1.0
197,201,3.4,28,0.0,0,1940.0,13577.0,30.0,129,15.7,92.94,3.95,24.0,281.0,1.4,1153,57.0,659.0,4072.0,22.0,1.82,15,5.23,43,0.1,1.0,0.09,1.0,1.11,96,1104.0,0.0,4.85781087082,2.42890543541,0.0,2.204044208,0.0,1.0
198,202,1.8,5,0.78,2,27563.0,82688.0,34.0,56,21.9,100.0,1.94,4.0,32.0,2.8,713,63.0,447.0,1477.0,36.0,0.0,0,3.13,8,1.4,6.0,1.12,8.0,1.0,99,705.0,1.74314159734,19.4312434833,10.5871925403,1.3202808782,4.408088416,1.0,2.0
199,203,36.8,192,0.38,2,462.0,462.0,15.0,44,8.4,0.0,0.0,0.0,0.0,1.3,676,82.0,556.0,2260.0,16.0,8.45,44,1.34,7,0.6,4.0,0.0,0.0,1.16,0,0.0,0.0,4.85781087082,2.42890543541,0.0,2.204044208,0.0,1.0
200,204,13.0,32,7.19,18,39296.0,550148.0,10.0,81,32.4,100.0,0.98,99.0,614.0,2.5,618,59.0,363.0,2162.0,15.0,6.39,16,2.4,6,0.0,0.0,0.0,0.0,1.12,0,0.0,0.0,19.4312434833,9.71562174164,0.0,4.408088416,0.0,2.0
203,207,12.9,66,5.52,28,50736.0,1927970.0,13.0,172,33.9,0.0,0.0,0.0,0.0,2.9,1494,0.0,5.0,2260.0,8.0,0.79,4,0.79,4,0.0,0.0,0.0,0.0,1.33,100,1494.0,6.97256638936,19.4312434833,13.2019049363,2.6405617564,4.408088416,2.0,2.0
205,209,20.2,169,0.84,7,6399.0,31993.0,16.0,84,10.0,50.5,2.02,9.0,123.0,1.7,1443,78.0,1132.0,1977.0,16.0,3.22,27,0.72,6,0.9,11.0,0.69,10.0,1.14,68,988.0,0.0,4.85781087082,2.42890543541,0.0,2.204044208,0.0,1.0
207,211,6.9,38,0.0,0,7213.0,21638.0,36.0,56,10.2,0.0,0.0,0.0,0.0,1.6,880,100.0,880.0,1883.0,21.0,0.0,0,0.36,2,1.7,15.0,0.23,2.0,1.07,0,0.0,0.0,4.85781087082,2.42890543541,0.0,2.204044208,0.0,1.0
208,212,9.1,49,8.8,47,33744.0,2969474.0,37.0,199,37.3,0.0,0.0,53.0,265.0,0.9,499,45.0,226.0,1884.0,48.0,0.0,0,0.37,2,0.3,1.0,0.6,3.0,1.27,100,499.0,6.97256638936,19.4312434833,13.2019049363,2.6405617564,4.408088416,2.0,2.0
210,215,9.4,28,0.0,0,829.0,2487.0,41.0,54,17.9,100.0,0.94,0.0,0.0,1.1,328,100.0,328.0,3865.0,35.0,0.66,2,5.31,16,0.0,0.0,0.0,0.0,1.09,78,255.0,0.0,4.85781087082,2.42890543541,0.0,2.204044208,0.0,1.0
213,218,2.4,12,1.36,7,4460.0,49061.0,17.0,83,16.2,0.0,0.0,34.0,362.0,2.1,1074,64.0,682.0,2122.0,28.0,0.19,1,1.95,10,0.2,2.0,0.37,4.0,1.04,90,963.0,0.0,19.4312434833,9.71562174164,0.0,4.408088416,0.0,2.0
214,219,13.6,152,2.85,32,38624.0,1853932.0,24.0,254,22.6,72.9,4.95,29.0,286.0,0.9,982,23.0,227.0,1884.0,24.0,0.18,2,0.27,3,0.3,1.0,0.1,1.0,1.16,92,906.0,6.97256638936,43.7202978374,25.3464321134,2.6405617564,6.612132624,2.0,3.0
215,220,2.7,12,0.7,3,5633.0,135202.0,37.0,58,13.5,0.0,0.0,51.0,335.0,1.5,660,100.0,658.0,1438.0,42.0,0.0,0,1.4,6,0.8,5.0,0.45,3.0,1.11,52,341.0,15.6882743761,19.4312434833,17.5597589297,3.9608426346,4.408088416,3.0,2.0
216,221,13.7,58,0.24,1,13050.0,182698.0,34.0,68,16.1,32.26,0.9,55.0,642.0,2.8,1176,28.0,327.0,2015.0,22.0,0.47,2,1.18,5,1.0,4.0,0.34,4.0,1.15,51,594.0,0.0,19.4312434833,9.71562174164,0.0,4.408088416,0.0,2.0
218,223,4.0,12,0.0,0,3486.0,34861.0,49.0,50,17.1,0.0,0.0,55.0,367.0,2.3,667,93.0,621.0,1539.0,51.0,0.0,0,3.43,10,1.0,6.0,1.65,11.0,1.22,100,665.0,1.74314159734,19.4312434833,10.5871925403,1.3202808782,4.408088416,1.0,2.0
219,224,0.0,0,1.3,5,12830.0,64152.0,26.0,67,17.4,61.95,2.67,15.0,158.0,2.8,1072,44.0,470.0,2217.0,27.0,0.0,0,3.89,15,0.2,1.0,0.19,2.0,1.12,96,1031.0,0.0,4.85781087082,2.42890543541,0.0,2.204044208,0.0,1.0
220,225,20.4,267,0.15,2,3403.0,17014.0,15.0,38,2.9,0.0,0.0,0.0,0.0,0.4,540,44.0,237.0,1762.0,25.0,0.0,0,0.3,4,0.4,1.0,0.19,1.0,1.17,0,0.0,0.0,4.85781087082,2.42890543541,0.0,2.204044208,0.0,1.0
221,226,0.4,0,0.0,0,2154.0,2154.0,33.0,24,20.8,0.0,0.0,10.0,48.0,4.1,476,35.0,164.0,1671.0,59.0,0.87,1,6.06,7,0.0,0.0,0.0,0.0,1.11,100,476.0,0.0,19.4312434833,9.71562174164,0.0,4.408088416,0.0,2.0
222,227,12.3,73,0.0,0,5685.0,11370.0,28.0,56,9.4,0.0,0.0,0.0,0.0,1.4,840,100.0,840.0,1705.0,21.0,0.51,3,1.35,8,1.7,14.0,0.83,7.0,1.04,45,382.0,0.0,4.85781087082,2.42890543541,0.0,2.204044208,0.0,1.0
223,228,54.7,454,0.12,1,4341.0,30389.0,46.0,22,2.7,0.0,0.0,0.0,0.0,0.2,181,100.0,181.0,2365.0,16.0,0.0,0,0.0,0,1.7,3.0,0.0,0.0,1.25,0,0.0,0.0,4.85781087082,2.42890543541,0.0,2.204044208,0.0,1.0
224,229,29.3,395,0.07,1,5248.0,36736.0,32.0,105,7.8,0.0,0.0,7.0,63.0,0.6,861,92.0,792.0,2090.0,19.0,6.98,94,0.37,5,0.9,8.0,0.81,7.0,1.19,16,138.0,6.97256638936,19.4312434833,13.2019049363,2.6405617564,4.408088416,2.0,2.0
225,230,17.8,49,1.09,3,13084.0,104668.0,22.0,46,16.8,0.0,0.0,0.0,0.0,4.4,1233,18.0,223.0,1009.0,49.0,104.9,288,1.82,5,0.0,0.0,0.97,12.0,1.29,100,1233.0,0.0,4.85781087082,2.42890543541,0.0,2.204044208,0.0,1.0
226,231,12.0,149,0.96,12,21300.0,170398.0,12.0,113,9.1,19.01,0.88,59.0,652.0,0.9,1107,49.0,541.0,2003.0,19.0,0.32,4,0.4,5,0.7,5.0,0.18,2.0,1.21,46,507.0,0.0,19.4312434833,9.71562174164,0.0,4.408088416,0.0,2.0
228,233,5.3,35,3.48,23,43583.0,1089580.0,10.0,121,18.3,28.03,1.62,0.0,0.0,1.7,1125,50.0,557.0,2567.0,24.0,0.15,1,1.81,12,0.0,0.0,0.18,2.0,1.19,85,958.0,6.97256638936,19.4312434833,13.2019049363,2.6405617564,4.408088416,2.0,2.0
229,234,29.9,387,0.7,9,14747.0,781609.0,33.0,151,11.7,0.0,0.0,0.0,0.0,0.7,921,100.0,921.0,1831.0,33.0,0.0,0,1.78,23,0.7,6.0,1.41,13.0,1.12,51,473.0,0.0,19.4312434833,9.71562174164,0.0,4.408088416,0.0,2.0
230,235,2.4,12,0.41,2,8047.0,24140.0,28.0,86,17.5,36.33,0.89,2.0,14.0,1.8,905,80.0,727.0,2198.0,47.0,1.63,8,6.92,34,0.1,1.0,0.44,4.0,1.13,77,694.0,0.0,4.85781087082,2.42890543541,0.0,2.204044208,0.0,1.0
231,236,7.9,57,1.39,10,116799.0,817596.0,19.0,119,16.6,47.65,1.72,23.0,102.0,0.6,451,100.0,451.0,4145.0,21.0,0.0,0,3.76,27,0.2,1.0,0.22,1.0,1.08,55,247.0,0.0,19.4312434833,9.71562174164,0.0,4.408088416,0.0,2.0
232,237,14.8,142,0.1,1,3695.0,70211.0,40.0,91,9.5,0.0,0.0,0.0,0.0,1.1,1026,91.0,935.0,1469.0,30.0,7.01,67,0.94,9,1.2,11.0,0.88,9.0,1.17,71,731.0,6.97256638936,19.4312434833,13.2019049363,2.6405617564,4.408088416,2.0,2.0
234,240,10.4,41,0.51,2,17543.0,508742.0,55.0,87,22.1,0.0,0.0,100.0,888.0,2.3,888,64.0,564.0,1203.0,61.0,0.51,2,5.34,21,0.4,2.0,0.9,8.0,1.19,100,888.0,6.97256638936,19.4312434833,13.2019049363,2.6405617564,4.408088416,2.0,2.0
235,241,3.4,19,0.18,1,18677.0,56032.0,20.0,100,17.6,81.63,3.2,0.0,0.0,1.3,739,85.0,628.0,3463.0,28.0,0.88,5,7.03,40,0.0,0.0,0.0,0.0,1.09,55,403.0,0.0,4.85781087082,2.42890543541,0.0,2.204044208,0.0,1.0
236,242,18.6,52,0.0,0,10159.0,20318.0,24.0,31,11.1,100.0,2.42,0.0,0.0,1.8,507,100.0,507.0,1981.0,13.0,0.0,0,0.0,0,2.4,12.0,0.2,1.0,1.14,0,0.0,0.0,19.4312434833,9.71562174164,0.0,4.408088416,0.0,2.0
237,243,59.2,322,0.0,0,990.0,990.0,31.0,5,0.9,26.25,0.63,0.0,0.0,0.1,46,100.0,46.0,1957.0,47.0,0.18,1,0.0,0,0.0,0.0,0.0,0.0,1.14,4,2.0,0.0,4.85781087082,2.42890543541,0.0,2.204044208,0.0,1.0
244,250,17.6,57,0.31,1,2714.0,5428.0,12.0,38,11.7,0.0,0.0,26.0,178.0,2.1,674,47.0,318.0,2264.0,18.0,0.0,0,0.92,3,0.9,6.0,0.15,1.0,1.02,33,225.0,0.0,4.85781087082,2.42890543541,0.0,2.204044208,0.0,1.0
245,251,23.4,70,0.33,1,736.0,736.0,15.0,45,15.0,0.0,0.0,11.0,75.0,2.2,672,100.0,672.0,2430.0,13.0,1.33,4,2.0,6,0.7,5.0,0.3,2.0,1.12,40,269.0,0.0,4.85781087082,2.42890543541,0.0,2.204044208,0.0,1.0
246,252,8.1,20,0.41,1,1611.0,1611.0,53.0,27,11.0,0.0,0.0,14.0,48.0,1.4,344,100.0,344.0,2377.0,25.0,0.0,0,3.26,8,0.6,2.0,0.58,2.0,0.98,0,0.0,0.0,4.85781087082,2.42890543541,0.0,2.204044208,0.0,1.0
247,253,0.0,0,8.39,54,200536.0,4010727.0,12.0,122,19.0,100.0,2.25,33.0,285.0,1.3,866,57.0,495.0,2594.0,22.0,0.0,0,3.11,20,0.3,2.0,0.12,1.0,1.15,85,732.0,1.74314159734,19.4312434833,10.5871925403,1.3202808782,4.408088416,1.0,2.0
248,254,38.8,549,2.69,38,103407.0,5480567.25,20.0,259,18.3,68.08,3.37,52.0,295.0,0.4,570,8.0,46.0,1440.0,53.0,0.0,0,0.21,3,0.0,0.0,0.18,1.0,1.23,99,567.0,15.6882743761,19.4312434833,17.5597589297,3.9608426346,4.408088416,3.0,2.0
251,257,3.6,43,0.92,11,19223.0,461342.0,8.0,146,12.3,93.93,2.01,72.0,1055.0,1.2,1456,38.0,556.0,2282.0,13.0,0.84,10,0.25,3,0.1,1.0,0.0,0.0,1.26,0,0.0,0.0,4.85781087082,2.42890543541,0.0,2.204044208,0.0,1.0
252,258,13.2,109,0.24,2,5160.0,61921.0,43.0,83,10.0,0.0,0.0,7.0,73.0,1.2,1031,100.0,1030.0,1511.0,33.0,7.14,59,1.57,13,1.1,11.0,1.84,19.0,1.13,87,895.0,1.74314159734,19.4312434833,10.5871925403,1.3202808782,4.408088416,1.0,2.0
253,259,6.7,28,0.0,0,5235.0,94235.0,45.0,53,12.9,100.0,0.25,57.0,557.0,2.4,981,60.0,592.0,1587.0,19.0,0.73,3,1.22,5,1.1,8.0,2.96,29.0,1.02,86,842.0,6.97256638936,19.4312434833,13.2019049363,2.6405617564,4.408088416,2.0,2.0
254,260,13.1,184,1.07,15,65574.0,4131155.0,26.0,343,24.4,0.0,0.0,8.0,102.0,0.9,1255,86.0,1073.0,1657.0,33.0,0.14,2,0.85,12,0.6,6.0,0.88,11.0,1.2,99,1241.0,1.74314159734,19.4312434833,10.5871925403,1.3202808782,4.408088416,1.0,2.0
256,262,5.6,56,0.0,0,46880.0,46880.0,26.0,142,14.0,91.52,3.67,17.0,208.0,1.2,1233,84.0,1039.0,3643.0,25.0,0.0,0,5.34,54,0.2,2.0,0.24,3.0,1.08,33,401.0,0.0,4.85781087082,2.42890543541,0.0,2.204044208,0.0,1.0
257,263,2.8,18,0.16,1,13351.0,26701.0,21.0,108,17.1,0.0,0.0,22.0,230.0,1.7,1062,81.0,864.0,2625.0,29.0,0.79,5,8.08,51,0.0,0.0,0.09,1.0,1.02,90,953.0,0.0,4.85781087082,2.42890543541,0.0,2.204044208,0.0,1.0
258,264,12.1,39,0.31,1,3585.0,7170.0,24.0,56,17.2,19.75,0.63,50.0,489.0,3.0,975,37.0,360.0,2691.0,20.0,0.0,0,3.38,11,0.0,0.0,0.31,3.0,1.07,0,0.0,0.0,4.85781087082,2.42890543541,0.0,2.204044208,0.0,1.0
260,266,20.6,385,0.16,3,12054.0,96432.0,31.0,99,5.3,30.21,3.16,25.0,266.0,0.6,1057,99.0,1050.0,1944.0,22.0,1.92,36,0.43,8,0.2,2.0,0.19,2.0,1.07,0,0.0,0.0,4.85781087082,2.42890543541,0.0,2.204044208,0.0,1.0
263,269,3.0,14,0.66,3,22151.0,243662.0,16.0,103,22.5,0.0,0.0,45.0,547.0,2.6,1205,54.0,649.0,2446.0,30.0,1.97,9,5.03,23,0.1,1.0,0.25,3.0,1.13,99,1198.0,0.0,4.85781087082,2.42890543541,0.0,2.204044208,0.0,1.0
267,273,26.5,160,0.17,1,4039.0,12116.0,24.0,38,6.3,0.0,0.0,0.0,0.0,1.2,718,90.0,646.0,1964.0,12.0,3.64,22,0.5,3,1.7,12.0,0.14,1.0,1.07,0,0.0,0.0,4.85781087082,2.42890543541,0.0,2.204044208,0.0,1.0
269,275,3.2,12,1.54,6,9985.0,169743.0,19.0,77,19.7,23.99,1.36,43.0,389.0,2.3,895,50.0,445.0,2783.0,25.0,0.0,0,1.79,7,0.4,2.0,0.11,1.0,1.01,10,88.0,0.0,4.85781087082,2.42890543541,0.0,2.204044208,0.0,1.0
270,276,12.2,50,1.46,6,17144.0,102864.0,48.0,50,12.2,0.0,0.0,0.0,0.0,1.6,668,100.0,668.0,2155.0,20.0,0.0,0,1.46,6,0.3,2.0,0.45,3.0,1.02,0,0.0,0.0,4.85781087082,2.42890543541,0.0,2.204044208,0.0,1.0
271,277,31.5,290,0.11,1,2192.0,2192.0,39.0,58,6.3,74.69,1.21,0.0,0.0,0.8,740,100.0,737.0,2189.0,14.0,1.41,13,0.76,7,0.7,5.0,0.14,1.0,1.15,0,0.0,0.0,4.85781087082,2.42890543541,0.0,2.204044208,0.0,1.0
274,280,11.3,103,1.64,15,46631.0,3404056.0,29.0,228,24.9,0.0,0.0,0.0,0.0,0.4,409,83.0,340.0,1559.0,22.0,0.11,1,0.98,9,2.5,10.0,2.44,10.0,1.0,43,174.0,6.97256638936,19.4312434833,13.2019049363,2.6405617564,4.408088416,2.0,2.0
276,282,20.2,70,0.0,0,625.0,625.0,43.0,30,8.6,0.0,0.0,0.0,0.0,1.5,514,100.0,514.0,1845.0,20.0,2.87,10,1.15,4,1.0,5.0,0.78,4.0,1.07,0,0.0,0.0,4.85781087082,2.42890543541,0.0,2.204044208,0.0,1.0
277,283,18.2,79,0.23,1,52976.0,52976.0,30.0,63,14.5,0.0,0.0,30.0,319.0,2.4,1050,80.0,842.0,1625.0,24.0,0.23,1,3.45,15,0.8,8.0,0.86,9.0,1.09,66,688.0,0.0,4.85781087082,2.42890543541,0.0,2.204044208,0.0,1.0
278,284,63.8,607,3.05,29,5846.0,11692.0,12.0,72,7.6,0.0,0.0,0.0,0.0,0.3,288,100.0,288.0,3971.0,20.0,2.52,24,2.0,19,0.3,1.0,0.0,0.0,1.2,0,0.0,0.0,4.85781087082,2.42890543541,0.0,2.204044208,0.0,1.0
280,286,26.0,427,0.06,1,31361.0,1223072.0,34.0,176,10.7,0.0,0.0,0.0,0.0,0.0,80,53.0,42.0,1499.0,52.0,0.0,0,0.12,2,0.0,0.0,0.0,0.0,1.25,0,0.0,15.6882743761,43.7202978374,29.7042861067,3.9608426346,6.612132624,3.0,3.0
283,289,23.8,300,1.03,13,53520.0,695758.0,9.0,147,11.7,26.14,1.77,8.0,108.0,1.0,1303,100.0,1300.0,2006.0,15.0,1.43,18,0.64,8,0.2,2.0,0.08,1.0,1.13,17,224.0,0.0,19.4312434833,9.71562174164,0.0,4.408088416,0.0,2.0
286,292,22.4,69,1.96,6,15752.0,488307.0,48.0,48,15.7,0.0,0.0,21.0,87.0,1.3,409,55.0,223.0,1036.0,37.0,0.0,0,1.96,6,0.0,0.0,3.18,13.0,1.15,100,409.0,15.6882743761,19.4312434833,17.5597589297,3.9608426346,4.408088416,3.0,2.0
288,294,23.3,87,0.27,1,26171.0,444909.0,38.0,53,14.2,100.0,1.59,0.0,0.0,1.2,431,38.0,165.0,1092.0,63.0,0.0,0,0.54,2,0.0,0.0,3.71,16.0,1.07,100,431.0,6.97256638936,19.4312434833,13.2019049363,2.6405617564,4.408088416,2.0,2.0
289,295,7.3,8,0.94,1,2894.0,14470.0,33.0,26,24.5,0.0,0.0,0.0,0.0,4.9,521,50.0,260.0,1230.0,44.0,0.94,1,4.71,5,1.3,3.0,2.11,11.0,1.29,100,521.0,0.0,19.4312434833,9.71562174164,0.0,4.408088416,0.0,2.0
293,299,22.5,108,1.67,8,9491.0,113895.0,35.0,80,16.7,60.36,2.01,32.0,382.0,2.5,1182,62.0,728.0,1652.0,21.0,17.11,82,1.46,7,0.7,8.0,0.34,4.0,1.1,73,861.0,0.0,19.4312434833,9.71562174164,0.0,4.408088416,0.0,2.0
295,301,21.2,113,0.0,0,598.0,598.0,3.0,53,10.0,60.06,2.0,0.0,0.0,1.5,808,100.0,808.0,1993.0,20.0,0.38,2,0.75,4,0.6,5.0,0.12,1.0,1.05,2,14.0,0.0,4.85781087082,2.42890543541,0.0,2.204044208,0.0,1.0
296,302,0.0,0,0.81,3,2865.0,8596.0,33.0,70,18.8,100.0,1.79,47.0,567.0,3.2,1205,59.0,705.0,2546.0,25.0,0.0,0,8.86,33,0.4,3.0,0.41,5.0,1.04,95,1147.0,0.0,4.85781087082,2.42890543541,0.0,2.204044208,0.0,1.0
297,303,0.0,0,6.01,12,16464.0,345746.0,27.0,65,32.6,100.0,1.05,86.0,775.0,4.5,898,16.0,147.0,2262.0,35.0,0.0,0,3.01,6,0.0,0.0,0.22,2.0,1.26,100,898.0,0.0,4.85781087082,2.42890543541,0.0,2.204044208,0.0,1.0
300,306,37.0,251,6.04,41,48983.0,1959331.0,29.0,106,15.6,0.0,0.0,0.0,0.0,0.6,412,12.0,51.0,1098.0,63.0,0.15,1,0.0,0,0.0,0.0,2.67,11.0,1.17,100,412.0,1.74314159734,19.4312434833,10.5871925403,1.3202808782,4.408088416,1.0,2.0
301,307,2.4,12,0.58,3,85455.0,940003.0,20.0,90,17.5,0.0,0.0,39.0,569.0,2.8,1442,55.0,796.0,1580.0,30.0,0.0,0,2.91,15,0.6,5.0,0.35,5.0,1.17,100,1440.0,1.74314159734,19.4312434833,10.5871925403,1.3202808782,4.408088416,1.0,2.0
303,309,3.4,25,0.0,0,2870.0,2870.0,19.0,72,9.9,0.0,0.0,0.0,0.0,0.9,617,87.0,536.0,2538.0,22.0,0.14,1,2.62,19,0.0,0.0,0.16,1.0,1.05,0,0.0,0.0,4.85781087082,2.42890543541,0.0,2.204044208,0.0,1.0
305,311,8.7,34,0.51,2,6478.0,97164.0,55.0,59,15.2,0.75,0.02,1.0,4.0,1.5,573,96.0,549.0,1283.0,62.0,0.26,1,3.08,12,0.2,1.0,4.19,24.0,1.43,100,573.0,1.74314159734,19.4312434833,10.5871925403,1.3202808782,4.408088416,1.0,2.0
307,313,7.7,50,1.08,7,101228.0,3441745.0,21.0,198,30.6,61.24,1.88,0.0,0.0,0.9,575,78.0,449.0,1585.0,24.0,0.0,0,0.46,3,0.4,2.0,0.35,2.0,1.01,99,570.0,0.0,4.85781087082,2.42890543541,0.0,2.204044208,0.0,1.0
308,314,1.3,4,1.25,4,2510.0,25100.0,52.0,49,15.4,100.0,3.59,12.0,109.0,2.9,933,45.0,417.0,1339.0,59.0,1.25,4,3.76,12,0.5,2.0,2.47,23.0,1.17,100,933.0,0.0,19.4312434833,9.71562174164,0.0,4.408088416,0.0,2.0
309,315,11.1,27,3.74,9,6273.0,545728.0,62.0,70,29.1,100.0,1.64,100.0,397.0,1.6,397,71.0,280.0,1492.0,69.0,0.42,1,6.24,15,0.4,1.0,0.76,3.0,1.29,100,397.0,6.97256638936,19.4312434833,13.2019049363,2.6405617564,4.408088416,2.0,2.0
310,316,6.4,28,2.09,9,14015.0,434459.0,30.0,122,28.3,82.42,3.89,86.0,1245.0,3.4,1449,35.0,511.0,1775.0,46.0,0.0,0,2.09,9,0.6,3.0,1.73,25.0,1.19,100,1449.0,0.0,19.4312434833,9.71562174164,0.0,4.408088416,0.0,2.0
311,317,18.8,32,0.0,0,16311.0,130487.0,34.0,23,13.6,38.67,0.29,0.0,0.0,1.8,308,68.0,208.0,1105.0,67.0,0.0,0,2.36,4,1.0,2.0,2.92,9.0,1.12,100,308.0,0.0,19.4312434833,9.71562174164,0.0,4.408088416,0.0,2.0
312,318,6.8,26,0.26,1,14044.0,112348.0,18.0,63,16.4,100.0,1.96,27.0,189.0,1.8,693,95.0,659.0,2008.0,35.0,0.0,0,4.16,16,0.0,0.0,0.29,2.0,1.12,23,160.0,0.0,4.85781087082,2.42890543541,0.0,2.204044208,0.0,1.0
313,319,5.4,39,1.81,13,40547.0,1784065.0,25.0,157,21.9,71.21,1.88,13.0,143.0,1.5,1081,89.0,957.0,1529.0,34.0,0.0,0,1.25,9,0.6,6.0,0.74,8.0,1.14,40,434.0,0.0,4.85781087082,2.42890543541,0.0,2.204044208,0.0,1.0
320,326,3.1,5,0.66,1,3076.0,27685.0,56.0,28,18.4,100.0,1.07,0.0,0.0,2.7,411,60.0,248.0,1050.0,67.0,0.0,0,4.61,7,2.4,6.0,10.95,45.0,1.32,100,411.0,0.0,19.4312434833,9.71562174164,0.0,4.408088416,0.0,2.0
322,328,17.1,124,0.41,3,26250.0,1076242.0,32.0,134,18.4,0.0,0.0,49.0,187.0,0.5,381,99.0,378.0,1703.0,43.0,0.0,0,0.69,5,0.0,0.0,0.52,2.0,1.25,83,316.0,6.97256638936,19.4312434833,13.2019049363,2.6405617564,4.408088416,2.0,2.0
323,329,33.7,159,1.91,9,7940.0,47637.0,41.0,53,11.3,100.0,0.25,29.0,222.0,1.6,758,81.0,612.0,1874.0,21.0,0.64,3,1.28,6,1.5,11.0,0.4,3.0,1.06,79,598.0,0.0,4.85781087082,2.42890543541,0.0,2.204044208,0.0,1.0
324,330,10.7,69,0.47,3,10704.0,107042.0,46.0,56,8.7,0.0,0.0,0.0,0.0,1.2,771,100.0,771.0,1581.0,21.0,0.16,1,0.78,5,0.7,5.0,1.82,14.0,1.03,33,257.0,1.74314159734,4.85781087082,3.30047623408,1.3202808782,2.204044208,1.0,1.0
325,331,33.4,436,1.99,26,35604.0,2385456.0,24.0,247,18.9,0.0,0.0,35.0,243.0,0.5,696,24.0,167.0,1833.0,36.0,2.83,37,0.08,1,1.2,2.0,0.14,1.0,1.25,96,666.0,6.97256638936,43.7202978374,25.3464321134,2.6405617564,6.612132624,2.0,3.0
326,332,31.6,188,0.0,0,18866.0,75465.0,17.0,50,8.4,12.19,0.79,0.0,0.0,1.2,713,90.0,644.0,1998.0,16.0,0.17,1,1.85,11,1.3,9.0,0.42,3.0,1.15,67,481.0,0.0,19.4312434833,9.71562174164,0.0,4.408088416,0.0,2.0
327,333,18.5,114,0.0,0,19207.0,57621.0,27.0,84,13.6,0.0,0.0,16.0,166.0,1.7,1060,100.0,1060.0,1516.0,35.0,3.07,19,2.58,16,0.8,8.0,1.13,12.0,1.15,12,122.0,0.0,4.85781087082,2.42890543541,0.0,2.204044208,0.0,1.0
330,336,33.6,507,0.46,7,17398.0,208775.0,19.0,126,8.3,0.0,0.0,42.0,794.0,1.3,1908,57.0,1093.0,2486.0,15.0,0.0,0,0.4,6,0.2,3.0,0.37,7.0,1.22,0,0.0,0.0,19.4312434833,9.71562174164,0.0,4.408088416,0.0,2.0
331,337,17.7,126,0.0,0,10265.0,30796.0,25.0,61,8.6,0.0,0.0,0.0,0.0,1.0,724,77.0,555.0,2825.0,17.0,0.28,2,0.99,7,0.3,2.0,0.14,1.0,1.14,0,0.0,0.0,4.85781087082,2.42890543541,0.0,2.204044208,0.0,1.0
333,339,10.3,26,15.37,39,20959.0,2074971.0,53.0,101,39.8,0.0,0.0,100.0,1186.0,4.7,1186,3.0,30.0,1251.0,78.0,3.55,9,1.18,3,0.0,0.0,0.0,0.0,1.38,100,1186.0,1.74314159734,19.4312434833,10.5871925403,1.3202808782,4.408088416,1.0,2.0
334,340,5.1,19,33.76,127,85505.0,6583894.0,54.0,127,33.8,100.0,1.33,100.0,4182.0,11.1,4182,2.0,74.0,2099.0,83.0,170.42,641,2.92,11,0.1,3.0,0.24,10.0,1.42,100,4182.0,6.97256638936,19.4312434833,13.2019049363,2.6405617564,4.408088416,2.0,2.0
335,341,3.3,12,29.01,107,110974.0,8988869.3,46.0,157,42.6,100.0,1.98,43.0,808.0,5.1,1898,3.0,59.0,2088.0,19.0,0.0,0,1.9,7,0.2,1.0,0.58,11.0,1.54,100,1898.0,6.97256638936,19.4312434833,13.2019049363,2.6405617564,4.408088416,2.0,2.0
337,343,4.2,11,3.47,9,7300.0,357702.0,64.0,63,24.3,0.0,0.0,53.0,454.0,3.3,861,70.0,605.0,1413.0,73.0,2.7,7,11.55,30,0.2,1.0,0.93,8.0,1.39,100,861.0,1.74314159734,19.4312434833,10.5871925403,1.3202808782,4.408088416,1.0,2.0
339,345,24.5,161,0.61,4,12381.0,99049.0,40.0,54,8.2,0.0,0.0,50.0,190.0,0.6,379,100.0,379.0,1597.0,41.0,0.0,0,0.46,3,0.0,0.0,0.0,0.0,1.27,52,197.0,1.74314159734,19.4312434833,10.5871925403,1.3202808782,4.408088416,1.0,2.0
340,346,7.6,56,2.19,16,63830.0,2808530.0,43.0,195,26.7,0.0,0.0,0.0,0.0,1.4,1056,66.0,696.0,1339.0,52.0,0.0,0,0.82,6,0.3,2.0,1.99,21.0,1.23,100,1051.0,6.97256638936,19.4312434833,13.2019049363,2.6405617564,4.408088416,2.0,2.0
341,347,15.9,22,1.43,2,21616.0,453942.0,57.0,36,25.7,6.38,0.06,0.0,0.0,2.5,345,59.0,203.0,1218.0,63.0,4.29,6,10.73,15,0.6,1.0,4.06,14.0,1.24,100,345.0,6.97256638936,19.4312434833,13.2019049363,2.6405617564,4.408088416,2.0,2.0
342,348,17.4,277,0.06,1,4537.0,127028.0,53.0,147,9.2,50.0,2.8,22.0,288.0,0.8,1284,97.0,1240.0,1786.0,38.0,0.13,2,1.63,26,0.9,12.0,0.31,4.0,1.21,60,765.0,1.74314159734,19.4312434833,10.5871925403,1.3202808782,4.408088416,1.0,2.0
343,349,2.3,7,0.0,0,1583.0,7917.0,42.0,61,20.5,100.0,2.66,75.0,594.0,2.7,790,34.0,267.0,3682.0,41.0,1.01,3,7.73,23,0.0,0.0,0.13,1.0,1.15,93,734.0,0.0,4.85781087082,2.42890543541,0.0,2.204044208,0.0,1.0
344,350,0.0,0,0.96,3,8120.0,40598.0,46.0,75,24.1,100.0,1.52,5.0,37.0,2.4,758,40.0,306.0,2506.0,46.0,0.32,1,7.06,22,0.6,3.0,0.0,0.0,1.14,67,505.0,0.0,4.85781087082,2.42890543541,0.0,2.204044208,0.0,1.0
346,352,1.9,5,0.79,2,5285.0,21139.0,21.0,76,30.0,0.0,0.0,0.0,0.0,4.5,1142,16.0,177.0,2746.0,21.0,0.0,0,1.58,4,0.0,0.0,0.18,2.0,1.04,100,1141.0,0.0,4.85781087082,2.42890543541,0.0,2.204044208,0.0,1.0
347,353,2.1,14,0.58,4,24964.0,124822.0,26.0,113,16.5,75.18,4.12,13.0,127.0,1.5,1003,100.0,1003.0,2418.0,40.0,0.0,0,6.71,46,0.0,0.0,0.1,1.0,1.19,91,914.0,0.0,19.4312434833,9.71562174164,0.0,4.408088416,0.0,2.0
348,354,1.5,4,8.59,22,40284.0,604255.0,25.0,72,28.1,99.44,1.77,50.0,509.0,4.0,1012,10.0,103.0,1672.0,35.0,0.0,0,1.95,5,1.5,4.0,0.0,0.0,1.24,100,1012.0,0.0,4.85781087082,2.42890543541,0.0,2.204044208,0.0,1.0
349,355,1.9,12,9.1,58,58397.0,2686268.0,14.0,183,28.7,99.31,4.34,0.0,0.0,1.7,1049,20.0,213.0,2266.0,17.0,0.0,0,0.78,5,0.0,0.0,0.29,3.0,1.13,39,405.0,15.6882743761,4.85781087082,10.2730426234,3.9608426346,2.204044208,3.0,1.0
351,357,2.7,9,5.5,19,14873.0,252840.0,41.0,96,27.8,0.0,0.0,36.0,518.0,4.2,1439,44.0,629.0,1719.0,46.0,0.58,2,8.68,30,0.2,2.0,0.21,3.0,1.14,99,1427.0,1.74314159734,19.4312434833,10.5871925403,1.3202808782,4.408088416,1.0,2.0
352,358,0.6,5,22.47,185,129060.0,7872634.0,26.0,306,37.2,100.0,4.92,61.0,1010.0,2.0,1665,38.0,634.0,2656.0,50.0,0.49,4,6.68,55,0.0,0.0,0.0,0.0,1.25,100,1665.0,0.0,43.7202978374,21.8601489187,0.0,6.612132624,0.0,3.0
354,360,27.2,386,0.21,3,8057.0,64453.0,19.0,104,7.3,65.64,3.82,0.0,0.0,1.1,1499,100.0,1499.0,1771.0,20.0,2.11,30,0.99,14,0.9,13.0,0.27,4.0,1.07,31,468.0,0.0,4.85781087082,2.42890543541,0.0,2.204044208,0.0,1.0
355,361,20.9,104,3.63,18,19833.0,1705617.0,56.0,117,23.6,72.41,2.94,0.0,0.0,1.2,596,77.0,459.0,1021.0,66.0,18.97,94,2.02,10,0.9,3.0,4.53,27.0,1.42,100,596.0,15.6882743761,43.7202978374,29.7042861067,3.9608426346,6.612132624,3.0,3.0
356,362,2.8,22,1.6,13,50859.0,1932657.0,34.0,169,20.8,37.41,1.59,0.0,0.0,1.6,1303,61.0,799.0,1212.0,53.0,0.12,1,1.97,16,0.3,2.0,2.46,32.0,1.27,100,1303.0,6.97256638936,19.4312434833,13.2019049363,2.6405617564,4.408088416,2.0,2.0
357,363,19.3,262,1.54,21,29385.0,5436212.0,45.0,362,26.6,0.0,0.0,0.0,0.0,0.9,1205,76.0,912.0,935.0,56.0,0.29,4,1.91,26,0.1,1.0,5.48,66.0,1.23,100,1205.0,15.6882743761,19.4312434833,17.5597589297,3.9608426346,4.408088416,3.0,2.0
358,364,4.0,19,0.83,4,6383.0,255335.0,59.0,132,27.3,100.0,2.58,55.0,628.0,2.4,1149,72.0,826.0,3569.0,53.0,2.28,11,12.82,62,0.1,1.0,0.0,0.0,1.34,100,1149.0,6.97256638936,19.4312434833,13.2019049363,2.6405617564,4.408088416,2.0,2.0
359,365,3.7,10,2.23,6,10943.0,306404.0,47.0,70,26.0,100.0,0.6,90.0,747.0,3.1,826,71.0,588.0,1210.0,60.0,0.0,0,33.75,91,0.2,1.0,0.73,6.0,1.36,100,826.0,0.0,19.4312434833,9.71562174164,0.0,4.408088416,0.0,2.0
360,366,3.6,13,6.61,23,18358.0,2001009.0,51.0,133,38.2,100.0,2.24,100.0,441.0,1.3,441,52.0,230.0,1217.0,63.0,0.0,0,1.44,5,0.0,0.0,0.91,4.0,1.27,100,441.0,1.74314159734,19.4312434833,10.5871925403,1.3202808782,4.408088416,1.0,2.0
361,367,2.6,19,8.75,64,27880.0,6273021.0,59.0,263,36.0,100.0,2.05,89.0,2766.0,4.2,3094,29.0,909.0,1863.0,79.0,16.68,122,7.25,53,0.1,1.0,0.16,5.0,1.41,100,3094.0,1.74314159734,19.4312434833,10.5871925403,1.3202808782,4.408088416,1.0,2.0
364,370,9.9,46,2.76,13,22080.0,1236497.0,29.0,141,29.9,100.0,3.19,87.0,1059.0,2.6,1219,43.0,527.0,936.0,52.0,1.7,8,2.33,11,0.8,3.0,4.51,55.0,1.21,100,1219.0,15.6882743761,43.7202978374,29.7042861067,3.9608426346,6.612132624,3.0,3.0
365,371,7.7,108,0.86,12,17201.0,2218897.0,39.0,339,24.3,83.75,2.01,12.0,261.0,1.6,2254,83.0,1871.0,1324.0,51.0,0.07,1,1.86,26,0.6,11.0,2.88,65.0,1.3,100,2254.0,1.74314159734,19.4312434833,10.5871925403,1.3202808782,4.408088416,1.0,2.0
366,372,5.5,108,0.15,3,10155.0,152321.0,17.0,320,16.4,0.0,0.0,20.0,883.0,2.2,4416,83.0,3647.0,2345.0,17.0,0.0,0,1.79,35,0.5,20.0,0.16,7.0,1.11,8,342.0,0.0,19.4312434833,9.71562174164,0.0,4.408088416,0.0,2.0
367,373,2.3,19,0.82,7,19105.0,114629.0,39.0,178,20.8,0.0,0.0,27.0,306.0,1.3,1113,86.0,959.0,2726.0,48.0,0.94,8,6.2,53,0.2,2.0,0.36,4.0,1.23,70,778.0,0.0,4.85781087082,2.42890543541,0.0,2.204044208,0.0,1.0
368,374,14.0,58,1.68,7,3611.0,122758.0,48.0,65,15.6,0.0,0.0,51.0,576.0,2.7,1137,85.0,968.0,1073.0,56.0,0.48,2,6.48,27,0.9,8.0,6.86,78.0,1.27,100,1137.0,1.74314159734,19.4312434833,10.5871925403,1.3202808782,4.408088416,1.0,2.0
369,375,1.9,19,0.0,0,14783.0,103480.0,18.0,150,15.1,100.0,2.16,37.0,324.0,0.9,867,100.0,866.0,3951.0,33.0,2.02,20,7.07,70,0.0,0.0,0.0,0.0,1.13,76,659.0,0.0,4.85781087082,2.42890543541,0.0,2.204044208,0.0,1.0
370,376,16.6,191,0.0,0,15568.0,140110.0,39.0,109,9.5,20.26,1.23,24.0,358.0,1.3,1517,94.0,1427.0,1772.0,24.0,0.0,0,1.22,14,0.8,11.0,0.4,6.0,1.06,76,1153.0,0.0,4.85781087082,2.42890543541,0.0,2.204044208,0.0,1.0
371,377,9.7,105,0.37,4,13527.0,40580.0,16.0,130,12.0,30.42,1.39,3.0,62.0,1.9,2043,80.0,1643.0,2558.0,14.0,0.09,1,1.67,18,1.0,20.0,0.15,3.0,1.12,0,0.0,0.0,4.85781087082,2.42890543541,0.0,2.204044208,0.0,1.0
372,378,3.6,33,1.64,15,11164.0,814968.0,60.0,176,19.3,100.0,2.45,73.0,1582.0,2.4,2168,88.0,1911.0,1727.0,63.0,3.5,32,15.65,143,0.1,1.0,0.23,5.0,1.34,100,2168.0,6.97256638936,19.4312434833,13.2019049363,2.6405617564,4.408088416,2.0,2.0
373,379,2.7,29,0.28,3,28780.0,143899.0,19.0,180,16.8,44.25,2.85,39.0,520.0,1.2,1324,98.0,1302.0,3755.0,20.0,0.47,5,5.96,64,0.1,1.0,0.15,2.0,1.07,0,0.0,0.0,4.85781087082,2.42890543541,0.0,2.204044208,0.0,1.0
374,380,2.8,53,0.21,4,1645.0,4934.0,23.0,220,11.7,29.99,2.0,6.0,117.0,1.0,1831,100.0,1831.0,3561.0,25.0,0.16,3,4.15,78,0.1,2.0,0.16,3.0,1.08,7,134.0,0.0,4.85781087082,2.42890543541,0.0,2.204044208,0.0,1.0
375,381,1.6,8,6.7,33,10672.0,384177.0,54.0,125,25.4,100.0,0.94,60.0,1233.0,4.2,2071,37.0,770.0,1419.0,66.0,22.75,112,8.73,43,0.0,0.0,0.14,3.0,1.29,99,2057.0,0.0,4.85781087082,2.42890543541,0.0,2.204044208,0.0,1.0
376,382,11.3,49,2.99,13,14229.0,540683.0,57.0,90,20.7,16.6,0.39,0.0,0.0,2.1,915,82.0,752.0,1095.0,61.0,4.14,18,9.9,43,0.3,2.0,4.04,37.0,1.38,100,915.0,6.97256638936,19.4312434833,13.2019049363,2.6405617564,4.408088416,2.0,2.0
377,383,2.8,17,0.97,6,12679.0,722675.0,37.0,175,28.3,100.0,1.44,78.0,1242.0,2.6,1591,68.0,1089.0,1478.0,52.0,0.0,0,4.37,27,0.2,2.0,1.32,21.0,1.29,95,1510.0,1.74314159734,19.4312434833,10.5871925403,1.3202808782,4.408088416,1.0,2.0
378,384,3.1,11,40.01,139,93690.0,10399613.1,61.0,136,39.1,99.14,1.15,70.0,1273.0,5.2,1821,5.0,96.0,1472.0,89.0,103.33,359,2.88,10,0.2,2.0,0.16,3.0,1.44,100,1821.0,0.0,19.4312434833,9.71562174164,0.0,4.408088416,0.0,2.0
379,385,8.6,68,1.26,10,14941.0,821752.0,55.0,148,18.7,0.0,0.0,26.0,518.0,2.5,1984,69.0,1367.0,1087.0,61.0,0.63,5,3.79,30,0.8,12.0,4.13,82.0,1.2,100,1984.0,6.97256638936,19.4312434833,13.2019049363,2.6405617564,4.408088416,2.0,2.0
381,387,17.6,313,1.57,28,21845.0,5155455.0,40.0,537,30.2,0.0,0.0,45.0,423.0,0.5,943,86.0,814.0,1125.0,51.0,0.0,0,0.62,11,0.4,3.0,2.33,22.0,1.33,100,943.0,0.0,43.7202978374,21.8601489187,0.0,6.612132624,0.0,3.0
382,388,7.0,28,8.55,34,17230.0,1395590.0,55.0,93,23.4,2.27,0.02,48.0,473.0,2.5,985,68.0,666.0,1235.0,73.0,8.55,34,13.58,54,0.2,1.0,3.55,35.0,1.49,100,985.0,15.6882743761,43.7202978374,29.7042861067,3.9608426346,6.612132624,3.0,3.0
383,389,1.1,13,2.18,24,9363.0,308968.0,42.0,232,21.1,2.44,0.01,18.0,627.0,3.3,3575,55.0,1959.0,1444.0,50.0,0.0,0,4.55,50,0.6,12.0,0.9,32.0,1.26,100,3575.0,0.0,19.4312434833,9.71562174164,0.0,4.408088416,0.0,2.0
386,392,1.4,20,3.27,48,27338.0,1421583.0,52.0,405,27.6,100.0,7.81,28.0,1145.0,2.8,4089,65.0,2641.0,3000.0,60.0,7.84,115,12.82,188,0.1,2.0,0.12,5.0,1.44,100,4079.0,15.6882743761,43.7202978374,29.7042861067,3.9608426346,6.612132624,3.0,3.0
387,393,0.6,6,6.81,68,18636.0,1919529.0,39.0,289,29.0,69.84,4.4,21.0,574.0,2.7,2681,69.0,1842.0,1575.0,58.0,26.75,267,8.52,85,0.2,4.0,0.48,13.0,1.35,97,2611.0,1.74314159734,19.4312434833,10.5871925403,1.3202808782,4.408088416,1.0,2.0
388,394,7.5,30,1.53,6,18403.0,239235.0,40.0,93,23.7,100.0,0.14,10.0,139.0,3.7,1444,36.0,514.0,1713.0,50.0,1.02,4,7.64,30,0.5,4.0,0.69,10.0,1.17,98,1408.0,0.0,19.4312434833,9.71562174164,0.0,4.408088416,0.0,2.0
