NPA,Vacant_Land,Vacant_Land_Area,Commercial_Construction,Commercial_Construction_Permitted_Units,Commercial_Size,Commercial_Size_Total,Commercial_Building_Age,Impervious_Surface,Impervious_Surface_Area,Adopt_a_Stream,Adopt_a_Stream_Length,Pharmacy_Proximity,Pharmacy_Proximate_Units,Housing_Density,Housing_Units,Single_Family_Housing,Single_Family_Units,Housing_Size,Housing_Age,New_Residential,New_Residential_Permit_Units,Residential_Renovation,Residential_Renovation_Permit_Units,Foreclosures,Foreclosed_Units,Housing_Violations,Housing_Violations_Total,Street_Connectivity,Transit_Proximity,Transit_Proximate_Units
2,4.3,18,4.38,18,12942,478848,50,91,22.2,100,1.93,2,18,2.6,1079,47,505,1491,69,0.97,4,7.06,29,0.3,2,1.11,12,1.2,100,1079
3,2.4,27,12.28,142,30514,11259845,63,438,37.9,100,4.6,91,4320,4.1,4730,38,1792,2177,69,36.51,422,12.37,143,0.2,6,0.34,16,1.48,100,4730
4,4.3,14,0.91,3,4398,4398,33,66,20,100,1.58,15,60,1.2,406,89,362,3768,44,1.21,4,13.06,43,0,0,0,0,1.17,93,377
5,21.4,36,14.96,25,32212,483185,53,37,22.1,0,0,52,170,2,326,59,191,1056,57,0,0,0.6,1,1.1,2,12.58,41,1.16,100,326
6,7.7,31,0.99,4,11734,809666,51,101,25,-1,-1,86,701,2,816,84,682,1078,68,0.25,1,4.22,17,1.2,7,6.62,54,1.28,100,816
7,1.8,10,5.48,30,46749,1542726,25,147,26.8,100,1.1,37,157,0.8,427,100,427,5211,36,0.73,4,6.57,36,0,0,0,0,1.19,71,302
8,2,12,0.17,1,11871,71228,34,87,14.6,80.67,2.42,32,327,1.7,1036,43,441,1901,52,0,0,2.85,17,0.1,1,0,0,1.13,100,1036
9,3.2,3,3.21,3,2507,47627,67,19,20.3,-1,-1,100,304,3.2,305,90,273,1341,62,12.83,12,16.03,15,1.1,3,0.66,2,1.38,100,305
10,2.9,16,1.81,10,6531,404899,48,123,22.3,-1,-1,86,1365,2.9,1592,75,1194,1085,63,1.81,10,10.52,58,0.4,4,2.95,47,1.35,100,1592
11,3.8,19,6.47,33,12718,496008,62,141,27.6,100,4.6,47,571,2.4,1225,64,784,2245,56,1.76,9,10.39,53,0,0,0.08,1,1.2,100,1225
12,1.2,2,4.41,7,14059,126534,32,56,35.3,100,1.27,100,1257,7.9,1257,0,0,-1,-1,0,0,0,0,0.4,3,1.27,16,1.05,100,1257
13,1.3,6,2.4,11,22780,1389568,39,157,34.3,-1,-1,24,435,4,1830,34,630,1337,58,0.22,1,4.81,22,0,0,0.44,8,1.24,100,1830
14,6.1,27,0.46,2,10143,91284,22,89,20.4,32,0.64,63,1010,3.7,1613,54,877,1884,19,0,0,2.75,12,0.3,3,0.37,6,1.08,74,1198
15,4.2,29,0,0,6665,26658,39,95,13.8,100,1.79,0,0,1.2,838,95,799,2338,40,0.43,3,3.77,26,0.1,1,0.24,2,1.18,0,0
16,2.1,15,1.93,14,13866,540790,40,157,21.7,100,2.12,67,1422,2.9,2114,56,1191,1473,45,0,0,3.04,22,0.9,13,0.71,15,1.2,98,2062
17,2.2,10,0,0,11130,233728,37,87,19.2,0,0,33,416,2.8,1253,69,859,1612,45,0,0,2.43,11,0.4,3,2.15,27,1.18,100,1253
18,8,49,1.79,11,31914,414876,27,140,22.8,68.96,2.91,73,1243,2.8,1693,42,709,3017,43,4.06,25,10.57,65,0,0,0.83,14,1.16,100,1693
19,2.6,22,0.84,7,4984,29906,45,161,19.2,100,4.01,35,618,2.1,1762,64,1122,2298,43,2.15,18,7.28,61,0.4,7,0.28,5,1.15,98,1718
20,4,16,9.02,36,23519,47037,12,93,23.3,14.29,0.19,75,1083,3.6,1452,52,760,1936,20,0,0,5.01,20,0.2,2,0.07,1,1.08,42,606
21,8.1,74,1.86,17,17208,2959696,48,254,27.8,25,0.77,43,532,1.3,1224,28,347,1418,36,0.11,1,0.66,6,1.5,6,0.9,11,1.18,100,1224
22,8.6,27,3.5,11,14635,1112235,63,77,24.5,100,1.16,0,0,1.6,508,36,185,1116,70,0.32,1,0.32,1,0,0,1.57,8,1.22,100,508
23,14.5,41,0.36,1,45398,272385,26,47,16.7,100,1.7,0,0,2,550,35,191,1460,35,0.71,2,2.85,8,0,0,1.82,10,1,84,460
24,3.5,6,0.56,1,11177,167656,50,38,21.1,-1,-1,33,147,2.5,446,74,328,1488,60,0,0,11.66,21,0,0,0,0,1.25,100,446
25,4.5,29,0.15,1,34759,208555,24,118,18.1,40.67,1.09,26,296,1.7,1118,76,853,2807,28,1.68,11,6.43,42,0.1,1,0.09,1,1.08,37,418
26,21.8,246,0.09,1,3082,15410,38,77,6.8,0,0,0,0,0.9,1068,100,1068,2044,22,0.97,11,0.8,9,0.8,9,0,0,1.03,13,134
27,6.4,21,0,0,17736,70945,25,55,17.1,0,0,68,674,3.1,988,68,676,1546,19,0,0,2.18,7,1.2,11,0,0,1.08,90,885
28,0.2,0,1.55,3,95684,287052,36,62,32,100,1.06,93,511,2.8,550,48,261,2986,50,2.06,4,6.7,13,0,0,0.18,1,1.31,100,550
29,3.2,13,0.24,1,1066,1066,15,65,15.9,67.95,4.07,0,0,1.4,565,54,306,2840,33,0.24,1,2.94,12,0,0,0.18,1,1.02,26,148
30,3.6,17,6.71,32,12617,1551857,53,143,30,100,1.08,52,511,2.1,987,13,129,866,53,8.8,42,0,0,2.5,2,1.22,12,1.25,100,987
31,1.1,4,0.26,1,4481,8962,34,74,19.2,100,1.84,4,28,1.8,677,84,571,3064,46,0.52,2,9.1,35,0.1,1,0,0,1.21,62,421
32,0,0,13.82,12,42656,383905,24,38,43.8,-1,-1,100,220,2.5,220,0,0,-1,-1,0,0,0,0,1.8,4,0,0,1.07,100,220
33,15.9,41,0,0,87385,699081,22,67,25.9,-1,-1,93,587,2.4,628,7,42,1908,34,0,0,0.39,1,0,0,0,0,1.17,100,628
34,41.1,382,0.54,5,36600,256199,36,59,6.4,0,0,35,292,0.9,824,83,685,1305,41,0.97,9,1.08,10,2.4,20,5.1,42,1.13,28,228
35,45,1025,0.18,4,21070,863864,41,144,6.3,86.64,2.01,0,0,0.4,892,90,806,2130,24,3.82,87,0.83,19,0.2,2,0.45,4,1.27,0,0
36,3.9,23,0.84,5,8811,273134,26,103,17.4,100,4.19,32,393,2.1,1232,64,793,1947,36,0.51,3,4.55,27,0.8,8,0.24,3,1.1,61,753
37,9.7,24,0,0,7347,235105,69,56,23,100,1.16,4,34,3.2,774,80,619,1072,63,2.47,6,12.33,30,0,0,4.39,34,1.42,100,774
38,13,243,1.97,37,50046,5304928,24,456,24.3,0,0,26,216,0.4,841,90,757,2427,25,0,0,0.8,15,0.4,3,0.48,4,1.17,0,4
39,16.3,109,0.15,1,16116,80581,32,78,11.7,27.22,0.49,0,0,1.4,965,100,964,1934,26,1.2,8,2.54,17,1.2,12,0.21,2,1.05,5,44
40,5.4,19,0.29,1,17894,89468,30,68,19.5,0,0,78,930,3.4,1191,51,607,1426,35,5.17,18,2.3,8,0.9,8,2.1,25,1.22,100,1191
41,3.3,10,9.58,30,79526,159052,25,49,15.6,0,0,46,354,2.5,773,48,373,1677,38,0,0,3.19,10,0.4,3,0.39,3,1.1,100,773
42,0,0,1.14,4,1697,3393,41,83,23.6,96.05,2.43,3,46,3.8,1328,26,340,3244,32,0,0,4.26,15,0.1,1,0.08,1,1.07,68,902
43,1.4,5,0.28,1,22142,66425,24,62,17.3,97.1,3.35,62,403,1.8,655,60,391,2982,44,0.28,1,3.07,11,0,0,0.61,4,1.15,95,625
44,8.5,19,0.45,1,20967,125801,25,46,20.6,-1,-1,0,2,2.1,473,35,164,4270,26,0.45,1,3.59,8,0,0,0,0,1.04,44,207
45,35.6,343,0.93,9,156817,470450,5,138,14.3,0,0,3,39,1.2,1180,94,1111,2848,10,20.93,202,2.8,27,0.1,1,0,0,1.27,8,99
46,1.2,3,1.05,3,13024,91167,22,54,18.8,-1,-1,35,334,3.3,956,43,411,1881,28,0,0,0.7,2,1.2,5,0.21,2,1.06,0,0
47,1.8,3,2.87,4,9304,65127,33,55,39.4,100,1.1,100,639,4.6,639,3,20,3442,46,0,0,2.87,4,0,0,0,0,1.08,100,639
48,16.4,311,0.32,6,21437,107184,25,81,4.3,100,3.09,0,0,0.3,610,83,504,2008,20,0,0,0.47,9,1.5,9,0.33,2,1.18,43,260
49,12.6,151,0,0,3602,32420,48,75,6.2,0,0,0,0,0.8,974,100,970,1853,29,0,0,0.83,10,1.1,10,0.1,1,1.08,0,0
50,1.2,3,4.11,11,8284,124262,39,61,22.8,0,0,69,727,3.9,1054,39,407,1517,37,0,0,3.74,10,1.8,9,8.92,94,1.11,93,976
51,8.4,24,2.84,8,19382,910968,60,82,29.1,100,1.09,0,0,2.7,765,52,399,1553,63,0.35,1,7.45,21,0.5,3,0.65,5,1.35,100,765
52,3.4,17,2.79,14,13069,954066,41,128,25.5,-1,-1,38,207,1.1,551,33,179,1330,58,0,0,1.2,6,0,0,1.81,10,1.03,100,551
53,16,70,0.92,4,20147,523818,34,86,19.7,0,0,25,309,2.8,1221,44,531,1370,42,0,0,1.37,6,0.4,3,1.47,18,1.2,100,1221
54,32.6,271,3.12,26,44262,929499,29,101,12.1,0,0,1,5,0.7,559,100,559,1215,45,0.12,1,1.44,12,0.5,3,3.76,21,1.19,95,530
55,7,39,0.54,3,17195,464261,28,106,19.2,100,1.56,5,41,1.5,805,85,683,2161,35,0.18,1,2.71,15,0.1,1,0.37,3,1.12,95,764
56,14.2,42,2.04,6,58378,467026,22,84,28.6,100,1.47,96,348,1.2,364,29,105,3030,37,0,0,4.09,12,0,0,0.55,2,1.08,89,324
57,9.4,16,2.98,5,47564,428073,35,78,46.5,-1,-1,0,0,4,669,11,76,1548,47,0,0,0.6,1,0.7,2,0.15,1,1.03,100,669
58,2.9,6,1.37,3,8204,172279,38,50,22.9,55.38,1.08,89,432,2.2,484,53,256,1877,43,0,0,2.29,5,0,0,3.1,15,1.17,100,484
59,14.8,51,0,0,10650,181052,39,67,19.4,-1,-1,61,680,3.2,1110,34,372,1543,40,0,0,2.61,9,1.4,8,1.35,15,1.15,100,1110
60,22.8,183,3.37,27,24774,421163,18,100,12.5,80.5,2.27,72,1000,1.7,1383,1,7,2434,50,0,0,0,0,0,0,0.43,6,1.23,92,1275
61,16,48,0.66,2,52263,104526,20,39,12.9,52.83,0.28,9,37,1.4,434,64,276,1751,25,0,0,0.66,2,0.4,1,0.69,3,1.12,0,0
62,0,0,0,0,84368,84368,38,130,44.7,-1,-1,0,0,0.2,64,6,4,-1,-1,0.34,1,0,0,-1,-1,0,0,1.11,100,64
64,9.3,35,1.83,7,17352,381741,24,117,30.7,-1,-1,30,613,5.4,2045,12,241,1878,42,0,0,1.31,5,0.7,8,0.49,10,1.21,100,2042
65,38.5,139,3.05,11,13356,93490,12,57,15.8,100,1.91,0,0,2.6,938,1,6,1348,58,0,0,0,0,0,0,0,0,1.27,92,860
66,5.3,20,7.34,27,35032,1366259,21,156,42.4,100,1.9,56,751,3.7,1353,3,35,2034,29,0,0,0.27,1,0.4,1,0.67,9,1.12,100,1353
67,38.9,38,1.01,1,4785,38281,15,31,31.3,-1,-1,0,0,6.5,643,0,2,-1,-1,0,0,0,0,0,0,0.16,1,1.15,100,643
68,26.4,334,1.42,18,40227,3942260,26,301,23.8,100,2,64,729,0.9,1132,31,345,2122,21,0,0,0.24,3,0.3,2,0.18,2,1.09,61,689
69,1,4,1.05,4,22389,201504,10,66,17.4,100,0.26,67,482,1.9,719,34,247,4184,39,0.79,3,5.8,22,0,0,0,0,1.16,94,675
70,2.1,6,1.69,5,9415,178890,38,72,24.3,0,0,66,344,1.8,521,100,520,1199,56,0,0,3.72,11,0.8,4,4.22,22,1.32,100,521
71,2.9,10,0,0,4666,37329,41,78,22,0,0,60,854,4,1425,15,212,1737,31,0,0,0.56,2,0,0,2.32,33,1.12,100,1425
72,25.8,300,3.35,39,54433,2395062,11,226,19.4,0,0,39,443,1,1128,22,246,2317,22,4.64,54,0.26,3,0.4,2,0.18,2,1.32,89,1007
73,33.4,1360,0.29,12,71718,3012144,30,280,6.9,26.87,2.01,2,19,0.3,1093,94,1029,1692,25,0.69,28,0.15,6,0.9,10,0.64,7,1.18,0,5
74,1,2,9.5,19,58769,117537,28,66,33,-1,-1,69,512,3.7,740,23,172,1468,32,0,0,1,2,0.2,1,0.14,1,1.04,100,740
75,5.7,20,1.17,4,36598,36598,12,65,18.9,0,0,89,706,2.3,795,33,262,4401,15,0.87,3,4.37,15,0.9,7,0.13,1,1.13,0,0
76,19.4,252,0.85,11,13403,120627,17,102,7.9,0,0,3,36,0.9,1154,100,1150,2497,13,0,0,0.38,5,0.5,6,0.09,1,1.12,8,88
77,28.1,287,0.49,5,10911,229140,16,133,13,100,0.18,59,1316,2.2,2245,47,1052,2117,13,0,0,0.49,5,0.4,5,0.04,1,1.19,51,1134
78,9.3,59,3.47,22,55684,2561479,19,188,29.6,45.63,3.08,41,373,1.5,919,47,427,2553,15,0,0,0.32,2,0,0,0.33,3,1.17,93,858
79,1.9,1,0,0,3079,15395,26,25,34.2,0,0,100,518,7.1,518,0,0,-1,-1,0,0,0,0,-1,-1,0.39,2,1,100,518
80,52.7,363,1.16,8,5250,20998,19,39,5.7,0,0,0,0,1.7,1163,2,23,1634,51,0,0,0,0,2.2,9,0,0,1.27,0,0
81,14,27,2.62,5,6955,13909,13,43,22.6,0,0,56,253,2.4,454,62,280,2013,21,0,0,1.57,3,0.7,3,0,0,1.06,95,433
82,26.5,99,1.34,5,13313,146445,13,80,21.4,100,0.79,46,524,3,1134,36,410,2823,12,0.27,1,1.6,6,0.7,5,0.18,2,1.24,90,1022
83,59.7,1432,0.04,1,52464,209854,53,64,2.7,0,0,0,0,0.1,291,78,226,2147,44,0.04,1,0.38,9,0.3,1,3.09,9,1.02,0,0
84,48.5,1205,0.12,3,24403,219629,44,43,1.7,0,0,15,37,0.1,240,95,229,1537,51,0.48,12,0,0,0.8,2,0.42,1,1.16,20,48
85,8.6,24,0.36,1,2691,43057,65,45,16.3,0,0,37,286,2.8,769,82,634,1033,58,0,0,4.35,12,0.5,3,5.46,42,1.26,100,769
86,1,1,81.76,81,3783,45397,40,39,39.4,100,1,61,678,11.3,1116,2,23,890,61,0,0,0,0,0.5,1,2.6,29,1,100,1116
87,2.9,6,15.32,30,3648,65666,46,46,23.5,-1,-1,28,190,3.5,681,46,312,1277,62,6.13,12,7.66,15,0,0,1.17,8,1.15,100,681
88,11.3,48,0.93,4,12229,611473,56,62,14.4,0,0,0,0,1.1,466,100,466,1007,52,3.49,15,3.72,16,1.2,5,6.22,29,1.21,100,466
89,7.4,18,0,0,1402,2804,29,35,14.7,0,0,41,227,2.3,549,100,549,1391,35,0,0,2.95,7,0.4,2,0.73,4,1.1,99,544
90,3,8,0.4,1,4458,98079,40,51,20.4,-1,-1,64,529,3.3,828,41,338,1360,58,0,0,5.6,14,0.6,2,2.17,18,1.19,100,828
91,4.1,12,0.35,1,1434,1434,15,44,15.6,0,0,0,0,3,839,83,695,1508,35,0,0,2.48,7,1,7,0.48,4,1.07,68,568
92,19.8,54,5.14,14,36760,1323374,14,108,39.7,-1,-1,100,1344,5,1344,0,2,-1,-1,0,0,0.73,2,1.5,5,0,0,1.31,100,1344
93,25.3,148,4.27,25,71305,2566981,27,137,23.4,0,0,99,620,1.1,624,1,4,-1,-1,0,0,0,0,-1,-1,0.8,5,1.23,100,624
94,16.9,111,1.68,11,42349,1566926,27,131,20,0,0,16,60,0.6,378,94,354,1133,43,0,0,0.91,6,1.1,4,1.06,4,1.27,95,360
95,2.8,12,7.69,34,66340,1990197,15,136,30.8,-1,-1,61,413,1.5,672,53,354,1742,20,0,0,1.13,5,0.3,1,0.15,1,1.17,65,435
96,28.2,202,1.67,12,26640,825852,12,166,23.1,88.19,2.54,48,900,2.6,1865,32,605,1604,22,5.56,40,0.7,5,1,10,0.21,4,1.17,97,1812
97,4.3,24,0.18,1,8482,25446,32,89,16.2,28.76,1.76,4,66,2.9,1556,59,915,1884,24,6.01,33,1.46,8,0.9,10,0.06,1,1.08,66,1022
98,29,464,0,0,6090,30452,43,78,4.9,30.8,0.81,1,10,0.6,977,86,840,2085,16,6.55,105,0.31,5,1.4,14,0.1,1,1.08,61,593
99,3.4,14,0,0,1200,1200,62,72,18.1,-1,-1,0,0,1.6,645,100,645,1893,44,0,0,4.54,18,0.3,2,0.62,4,1.22,95,612
100,2.8,20,0.56,4,15488,1347469,28,149,20.7,-1,-1,23,161,1,699,63,441,1418,39,0,0,1.11,8,0.5,3,2.29,16,1.05,100,699
101,6.7,8,0.79,1,3583,17915,44,34,26.9,-1,-1,0,0,5.8,728,12,89,1292,35,0,0,0,0,0,0,1.65,12,1.18,100,728
102,5.2,10,12.18,24,3730,22377,45,31,15.7,-1,-1,15,77,2.7,525,61,318,1210,39,0,0,6.6,13,0,0,1.52,8,1.02,100,525
103,19.6,26,2.23,3,8506,42529,30,26,19.3,-1,-1,0,0,3.5,480,47,227,1210,17,0,0,0.74,1,1.5,7,0.83,4,1.14,100,480
105,5.4,12,0.9,2,2068,2068,38,57,25.7,100,1.32,5,40,3.5,784,24,189,1856,43,76.73,170,4.06,9,0,0,0.26,2,1.31,94,737
106,1.1,2,7.9,12,17493,664734,44,75,49.4,-1,-1,50,366,4.8,729,5,38,1501,53,0,0,1.98,3,0,0,1.37,10,1.12,100,729
107,3.1,5,1.87,3,36869,73737,19,48,30,46.28,0.56,62,416,4.2,675,4,25,1530,58,0,0,0,0,1.6,4,0.3,2,1.16,100,675
108,17.9,102,0,0,11567,277618,27,69,12.1,56.34,1.2,0,0,1,548,77,424,1843,29,0,0,1.92,11,0.2,1,-1,-1,1.05,60,328
109,16.4,204,0.24,3,13234,383795,21,128,10.3,0,0,44,421,0.8,947,60,570,3386,20,0.48,6,2.89,36,0.5,4,0,0,1.11,45,422
110,20.1,280,0.14,2,11904,166657,26,78,5.6,0,0,33,251,0.5,761,68,518,2266,28,0.14,2,0.43,6,0.4,2,0.13,1,1.08,33,251
111,37.9,285,3.59,27,50647,911653,23,110,14.6,-1,-1,17,184,1.4,1080,66,708,2442,14,11.97,90,0.66,5,0.7,6,0.28,3,1.19,85,919
112,31.3,512,0,0,3053,12211,69,54,3.3,0,0,0,0,0.4,584,93,544,2127,29,1.34,22,0.67,11,0.2,1,0.17,1,1.14,0,0
113,17.6,235,0.15,2,14519,406523,35,121,9,0,0,0,0,1.1,1446,100,1445,1713,19,1.49,20,0.6,8,1,14,0.41,6,1.09,5,79
114,21.9,144,1.52,10,31313,1158595,30,102,15.5,0,0,0,0,0.7,441,52,227,910,57,0,0,0.46,3,0.6,1,3.63,16,1.13,100,441
115,9,64,0.28,2,10123,293565,10,166,23.1,15.34,0.85,12,212,2.6,1839,77,1411,3000,12,0,0,3.2,23,0.2,3,0.05,1,1.31,0,0
116,25.3,927,0.85,31,30175,8961945,33,605,16.5,17.47,3.04,72,906,0.3,1263,49,624,1884,24,1.09,40,1.42,52,0.5,4,-1,-1,1.29,97,1227
117,6.3,63,0.5,5,23605,283258,25,86,8.7,0,0,22,318,1.5,1479,78,1158,1999,12,3.43,34,0.4,4,1.3,15,0.41,6,1.08,33,495
118,4,13,0.31,1,9227,18454,17,45,14.1,100,0.33,0,0,1.4,432,100,432,2730,30,0,0,5,16,0.2,1,0.23,1,1.04,71,307
119,12,122,0.49,5,9704,155257,37,98,9.6,0,0,25,117,0.5,467,100,467,1590,43,0,0,0.49,5,0.4,2,1.93,9,1.26,80,373
120,11.7,45,0.52,2,10346,175890,39,50,13.1,1.08,0.01,0,0,1.5,579,49,281,1137,44,0.78,3,2.09,8,0.4,1,3.97,23,1.21,100,579
121,8.4,39,0.86,4,20999,482974,30,74,16,-1,-1,0,1,1.8,824,72,594,1226,51,0,0,1.51,7,1,8,0.49,4,1.18,100,824
122,1.6,62,1.07,41,201178,5230639,26,1259,33,27.59,1.04,-1,-1,0,0,-1,-1,-1,-1,0,0,0,0,-1,-1,-1,-1,1.14,0,-1
123,13.8,167,0.41,5,22504,675108,26,119,9.8,57.97,2,1,14,0.9,1088,74,808,1472,41,0,0,1.24,15,0.8,6,1.47,16,1.16,99,1075
124,11.7,83,1.55,11,18781,1558795,40,245,34.6,5,0.03,72,635,1.3,888,63,560,1147,65,0,0,1.13,8,0.9,6,1.69,15,1.32,100,888
125,13.2,134,1.37,14,61792,2533463,34,198,19.4,-1,-1,0,0,1.1,1073,87,929,1459,26,1.67,17,0.39,4,1,10,0.37,4,1.19,34,368
126,80.6,113,0.71,1,4960,19839,44,20,14.2,0,0,0,0,2.1,290,29,84,2221,8,44.12,62,34.15,48,0,0,0.69,2,1.3,100,290
127,26.4,119,0.45,2,6184,98947,35,131,29.2,1.2,0.01,27,267,2.2,989,34,332,1595,38,0,0,0.67,3,0.6,2,0.81,8,1.08,99,975
128,5.2,14,0.37,1,4005,72084,48,55,20.5,0,0,46,480,3.9,1042,51,535,1104,57,0,0,6.7,18,0.2,1,4.41,46,1.3,100,1042
129,0,0,0.21,1,-1,-1,-1,71,14.6,100,3.04,27,235,1.8,869,82,713,2589,31,0,0,5.98,29,0.1,1,0.12,1,1.03,95,825
130,31,1120,0.06,2,8757,52541,31,125,3.5,0,0,0,0,0.2,766,82,630,3338,28,1.08,39,0.44,16,0.3,2,0.26,2,1.12,0,0
131,13.3,36,0.37,1,-1,-1,-1,42,15.5,0,0,17,136,3,802,93,745,1636,23,0,0,0.74,2,0.9,7,0.25,2,1.07,22,178
132,0.4,1,2.65,5,8970,125585,56,33,17.5,77.04,1.98,0,0,1.5,281,99,279,1233,64,0,0,5.3,10,0.5,1,0.71,2,1.19,100,281
133,2.6,4,3.15,5,-1,-1,-1,33,20.8,100,4.11,28,174,3.9,627,39,245,2481,52,0.63,1,14.5,23,0,0,0,0,1.14,100,627
134,11.7,14,0,0,6537,26146,27,22,19,100,2.02,100,449,3.9,449,41,185,1600,35,0,0,1.73,2,1.1,2,0,0,1.18,100,449
135,4.8,7,1.42,2,30302,515132,37,57,40.4,100,0.71,100,555,3.9,555,0,0,-1,-1,0,0,0,0,2.7,3,2.16,12,1,100,555
136,14.1,97,0.15,1,3968,23806,38,52,7.5,0,0,3,26,1.2,821,98,808,2158,15,1.16,8,1.31,9,1,8,0.12,1,1.17,35,285
137,20.5,144,2.14,15,11810,708588,39,89,12.7,0,0,1,6,0.8,547,99,543,1584,21,0.14,1,0.14,1,0.9,5,0.55,3,1.11,8,45
138,7,36,0.2,1,17854,1231914,37,121,23.8,0,0,0,0,0.5,251,100,251,1145,55,0,0,0.79,4,0,0,2.79,7,1.18,100,251
139,19.5,125,0.31,2,7377,206564,36,55,8.6,0,0,19,125,1,660,76,500,1292,26,0,0,1.25,8,1.8,9,1.36,9,1.16,100,660
140,13.5,141,0.38,4,20060,521560,34,118,11.3,0,0,28,304,1,1075,92,987,1496,37,0.1,1,1.15,12,0.7,7,1.21,13,1.18,67,716
141,12.5,85,1.03,7,25731,2701756,46,191,28.1,10.88,0.32,98,335,0.5,342,81,276,1126,55,0,0,0.29,2,0.8,2,2.34,8,1.31,100,342
142,1.9,8,2.26,10,64667,1552016,26,166,37.6,100,3.04,100,1299,2.9,1299,20,263,1227,42,1.13,5,0.91,4,0.2,1,0.69,9,1.16,100,1299
143,1.6,5,0.34,1,636,2544,17,61,20.8,-1,-1,10,61,2.1,618,57,350,3172,36,2.05,6,10.59,31,0,0,0,0,1.05,100,616
144,17.2,42,4.89,12,6307,56759,39,52,21.2,0,0,52,502,3.9,966,18,171,1517,29,2.04,5,2.44,6,1.2,2,-1,-1,1.03,100,966
145,14.6,76,1.15,6,10830,75810,21,78,15,0,0,5,35,1.2,646,56,361,1547,33,0.19,1,1.54,8,0.6,4,-1,-1,1.03,60,386
146,11.9,52,1.38,6,29207,321279,12,81,18.6,0,0,62,411,1.5,667,91,605,2026,28,0,0,1.15,5,0.5,3,0.45,3,1.15,85,564
147,9.7,44,0.66,3,18675,205430,31,77,16.9,0,0,25,275,2.4,1083,47,513,1699,34,1.54,7,1.32,6,1.4,12,0.65,7,1.05,100,1083
148,4,24,0.67,4,6112,24449,26,88,14.7,87.85,0.94,51,483,1.6,940,67,628,3049,23,3.02,18,3.35,20,0.2,1,0.11,1,1.08,54,505
149,11.4,31,3.98,11,35267,317406,15,52,18.8,-1,-1,36,162,1.6,448,14,62,2540,23,0,0,0.36,1,0.2,1,0,0,1.22,0,0
150,8.2,46,0,0,5987,41912,32,43,7.7,0,0,8,55,1.2,680,78,533,1553,24,0,0,0.72,4,0.6,3,1.47,10,1.09,45,309
151,3.3,17,1.49,8,5142,35996,21,118,22,-1,-1,0,0,2.1,1124,81,908,2808,14,2.43,13,2.62,14,0.1,1,0,0,1.16,0,0
152,29.6,176,0,0,1836,1836,11,23,3.9,20.54,1.15,0,0,0.5,294,99,290,1838,23,0.34,2,0.67,4,0.7,2,2.04,6,1.11,0,0
153,9.2,74,1.11,9,15879,396981,14,124,15.3,29.69,1.14,19,234,1.5,1225,100,1223,2863,14,0.37,3,1.35,11,0.2,3,0.24,3,1.08,35,431
154,9.9,73,3.56,26,12504,162551,18,93,12.7,-1,-1,48,549,1.6,1143,65,740,2287,18,0,0,0.55,4,0,0,0.26,3,1.05,83,948
155,37.2,463,0.64,8,9657,86913,37,91,7.3,3.37,0.18,11,119,0.8,1036,82,849,1830,20,1.12,14,0.24,3,0.8,7,0.39,4,1.05,0,0
156,29.7,332,0.18,2,8988,89881,24,80,7.2,0,0,36,454,1.1,1253,97,1221,1904,15,2.6,29,1.43,16,1.8,22,0.72,9,1.08,73,915
157,6.7,38,2.1,12,19723,2859811,54,187,32.7,-1,-1,0,0,0.5,288,65,188,1127,71,0.17,1,1.57,9,0,0,5.21,15,1.29,100,288
158,6.7,83,1.14,14,69609,2784350,36,263,21.4,41.83,1.69,0,0,1.1,1288,100,1288,1376,26,1.22,15,1.14,14,1,13,1.09,14,1.1,65,837
159,28.5,139,0.82,4,3650,51099,46,59,12.1,0,0,0,0,0.8,397,77,305,1078,44,1.02,5,1.84,9,0.4,1,4.79,19,1.25,100,397
160,7,54,0.9,7,19162,862300,33,124,16,0,0,0,0,1.4,1106,80,880,1318,38,0,0,2.06,16,0.8,7,2.53,28,1.13,100,1106
161,2.9,9,1.7,5,26569,132845,33,66,22.4,100,2.01,0,0,3.9,1134,8,94,3749,30,4.42,13,4.08,12,0,0,2.12,24,1.13,93,1054
162,4.9,18,0.82,3,7802,187239,39,59,16,-1,-1,47,330,1.9,696,100,696,1303,32,0,0,1.9,7,0.9,6,0.72,5,1.08,100,696
163,11.7,20,14.93,26,10288,678989,44,60,34.5,-1,-1,100,528,3,528,42,219,1621,64,12.06,21,8.61,15,0,0,0.19,1,1.44,100,528
164,1.5,10,6.08,39,10752,720370,40,163,25.4,100,1.14,69,1225,2.8,1766,27,480,1408,58,0.31,2,2.81,18,1.4,6,5.27,93,1.27,100,1766
165,11.8,21,1.66,3,16110,225546,28,48,26.6,-1,-1,87,791,5,911,28,254,1559,20,0,0,1.66,3,1.2,3,1.43,13,1.05,99,903
166,12.3,19,1.32,2,14778,103444,26,38,25.1,-1,-1,84,452,3.6,537,21,110,1727,37,0,0,0,0,1.2,4,0.37,2,1.14,100,537
167,33.9,62,0,0,27604,220830,26,38,20.7,-1,-1,72,260,2,359,28,99,1729,34,0.54,1,0.54,1,0,0,0.28,1,1,100,359
168,0.5,1,0.44,1,93824,187647,38,48,21,-1,-1,16,101,2.8,634,71,450,1277,45,0.44,1,3.07,7,1.4,9,1.58,10,1.17,100,634
169,5.2,13,0.82,2,-1,-1,-1,62,25.3,0,0,1,11,3.5,857,50,426,2935,12,0,0,4.09,10,0.4,3,0.12,1,1.14,0,0
170,10.5,50,2.1,10,33581,134325,11,89,18.7,-1,-1,34,215,1.3,631,71,448,2967,17,0.63,3,2.1,10,0,0,0,0,1.11,0,0
171,1.5,4,5.94,17,36870,737392,16,96,33.5,-1,-1,83,367,1.5,442,42,186,2974,22,0,0,1.05,3,0,0,0,0,1.09,84,372
172,4.4,41,0.74,7,30728,583834,15,142,15.1,0,0,38,430,1.2,1137,53,601,3053,10,0.64,6,0.96,9,0,0,0,0,1.31,53,602
173,22.8,87,0.26,1,37099,296793,47,69,18.2,-1,-1,18,74,1.1,417,82,341,1325,24,0.26,1,1.05,4,1.2,5,2.4,10,1.05,100,417
174,48.6,1545,1.64,52,45398,2496870,20,256,8.1,29.23,2.33,29,181,0.2,627,92,576,1781,31,0.03,1,0.09,3,0.5,3,0,0,1.14,28,177
175,3.9,21,0,0,-1,-1,-1,64,12.3,100,1.28,0,0,1.3,688,100,686,2481,36,0.77,4,5.56,29,0,0,0.58,4,1.09,1,8
176,2.1,10,0.21,1,1615,3229,16,89,19,0,0,28,326,2.5,1163,84,972,2482,20,0.43,2,4.27,20,0.2,2,0.26,3,1.11,29,343
177,1.5,7,0.2,1,468,468,33,77,15.2,56.59,2.49,23,184,1.6,792,73,578,2763,35,1.18,6,5.72,29,0.1,1,0.13,1,1.1,98,780
178,16.9,343,2.91,59,54678,5850572,23,378,18.7,53.2,2.99,22,287,0.6,1311,13,167,1549,47,10.92,221,0.64,13,0,0,0.31,4,1.2,78,1025
179,3.9,19,1,5,6559,45911,40,91,18.1,100,1.69,24,158,1.3,660,96,635,2526,50,1.79,9,9.37,47,0.2,1,0.15,1,1.16,72,478
180,12.4,37,4.01,12,12568,377042,38,65,21.7,100,0.12,4,22,1.7,520,100,520,1491,32,0,0,2,6,0.9,4,2.12,11,1.11,92,476
181,2.7,28,0.59,6,24750,148502,21,167,16.4,100,5.19,45,574,1.2,1267,55,690,3390,27,0,0,3.33,34,0.4,4,0.16,2,1.07,70,892
182,5.9,13,9.64,21,28762,345143,37,40,18.4,-1,-1,0,0,1.2,268,82,219,1215,30,0,0,2.75,6,0.5,1,2.99,8,1.26,100,268
183,19.3,43,0,0,8562,25686,26,38,17,-1,-1,16,57,1.6,350,49,172,1488,42,0,0,0.9,2,0,0,2,7,1,98,342
184,1.8,4,0.43,1,8955,53732,60,37,15.8,100,1.16,85,586,2.9,689,100,689,1474,61,7.27,17,18.38,43,0.2,1,0.15,1,1.36,100,689
185,6.9,9,58.95,77,13467,228931,28,61,46.7,-1,-1,100,1367,10.4,1367,0,1,-1,-1,0,0,0,0,-1,-1,0.37,5,1.03,100,1367
186,8.8,56,0.63,4,49514,396110,28,99,15.6,46.72,3.13,34,280,1.3,828,98,811,1469,31,0.47,3,1.73,11,1.6,13,0.72,6,1.07,73,602
187,0.9,1,1.9,3,52182,156547,6,44,27.9,-1,-1,77,312,2.6,405,77,310,2726,17,0,0,4.43,7,0,0,0,0,1.07,0,0
188,9,32,0,0,8041,16081,16,48,13.2,-1,-1,69,508,2,732,44,324,2829,21,11.01,40,2.75,10,0,0,0.14,1,1.15,0,0
189,0,0,3.65,3,4591,9181,18,20,24.4,100,0.2,88,400,5.5,453,12,53,4185,17,0,0,3.65,3,0,0,0.44,2,1.05,100,453
190,11.8,78,1.2,8,26390,1055602,41,103,15.5,-1,-1,0,0,0.6,382,99,379,1087,32,0.45,3,0,0,0.8,3,3.14,12,1.19,100,382
191,10,43,0,0,6038,30189,31,54,12.7,44.95,1.47,54,514,2.2,945,63,599,2008,23,0,0,2.36,10,0.5,4,0.11,1,1.07,23,216
192,23.8,331,1.44,20,16842,707355,21,172,12.4,0,0,0,0,0.7,1030,61,631,2534,14,5.61,78,1.15,16,0.6,4,0,0,1.18,85,873
193,1.4,4,2.29,7,17761,426274,42,82,26.9,37.59,1.09,64,365,1.9,567,61,344,2758,49,0.66,2,10.16,31,0.2,1,0.53,3,1.19,100,567
194,3.9,29,0.81,6,11586,104277,24,119,16.2,56.46,2.01,23,231,1.4,1014,74,748,3962,24,5.7,42,6.79,50,0.1,1,0,0,1.05,71,723
195,44.5,483,0,0,2364,7093,16,68,6.3,0,0,0,0,0.8,851,50,429,2565,15,0.28,3,0.92,10,0.3,2,0,0,1.15,0,0
196,12.6,121,0.62,6,10734,85874,43,71,7.4,0,0,41,300,0.8,738,71,521,1976,19,0.31,3,0.62,6,2.2,16,0.68,5,1.14,87,640
197,6.8,22,0.94,3,3269,3269,23,54,17,0,0,0,3,3.1,993,43,431,1827,35,0,0,1.26,4,1.1,7,1.01,10,1.13,88,871
198,7.1,23,0.31,1,5021,15063,38,50,15.7,36.99,1.18,0,0,2.6,816,44,357,2838,38,1.25,4,5.32,17,0,0,0.12,1,1.09,100,816
199,13.3,51,4.17,16,41048,1354568,33,122,31.8,-1,-1,0,0,3.4,1296,23,297,1576,12,0,0,2.87,11,2.1,8,5.63,73,1.16,100,1296
200,5.1,5,10.03,9,25845,387678,49,41,45.7,100,0.68,0,0,2.7,240,0,0,-1,-1,0,0,0,0,0,0,0.42,1,1.18,100,240
201,3.4,28,0,0,1940,13577,30,129,15.7,92.94,3.95,24,281,1.4,1153,57,659,4072,22,1.82,15,5.23,43,0.1,1,0.09,1,1.11,96,1104
202,1.8,5,0.78,2,27563,82688,34,56,21.9,100,1.94,4,32,2.8,713,63,447,1477,36,0,0,3.13,8,1.4,6,1.12,8,1,99,705
203,36.8,192,0.38,2,462,462,15,44,8.4,0,0,0,0,1.3,676,82,556,2260,16,8.45,44,1.34,7,0.6,4,0,0,1.16,0,0
204,13,32,7.19,18,39296,550148,10,81,32.4,100,0.98,99,614,2.5,618,59,363,2162,15,6.39,16,2.4,6,0,0,0,0,1.12,0,0
205,28.6,101,0,0,-1,-1,-1,38,10.8,0,0,0,0,0.9,315,100,315,3663,26,1.13,4,3.68,13,0.3,1,0,0,1.04,56,177
206,0.2,0,0,0,7388,14775,27,31,22.7,-1,-1,71,400,4.2,566,51,289,2297,22,0,0,10.99,15,0,0,0,0,1.12,100,566
207,12.9,66,5.52,28,50736,1927970,13,172,33.9,0,0,0,0,2.9,1494,0,5,2260,8,0.79,4,0.79,4,0,0,0,0,1.33,100,1494
208,1.7,9,0,0,-1,-1,-1,113,22.1,100,1.12,0,0,1.4,731,96,701,3743,46,1.56,8,12.49,64,0,0,0,0,1.2,97,706
209,20.2,169,0.84,7,6399,31993,16,84,10,50.5,2.02,9,123,1.7,1443,78,1132,1977,16,3.22,27,0.72,6,0.9,11,0.69,10,1.14,68,988
210,10.6,18,4.61,8,71593,1217075,18,71,40.9,100,1.52,100,1500,8.6,1504,0,3,-1,-1,6.92,12,2.31,4,0,0,0,0,1.08,74,1108
211,6.9,38,0,0,7213,21638,36,56,10.2,0,0,0,0,1.6,880,100,880,1883,21,0,0,0.36,2,1.7,15,0.23,2,1.07,0,0
212,9.1,49,8.8,47,33744,2969474,37,199,37.3,0,0,53,265,0.9,499,45,226,1884,48,0,0,0.37,2,0.3,1,0.6,3,1.27,100,499
213,0.6,2,14.86,48,127563,2933951,31,107,33.1,-1,-1,27,165,1.9,602,76,455,1944,50,5.57,18,7.43,24,0,0,1,6,1.14,100,602
215,9.4,28,0,0,829,2487,41,54,17.9,100,0.94,0,0,1.1,328,100,328,3865,35,0.66,2,5.31,16,0,0,0,0,1.09,78,255
216,4.9,10,0.97,2,7168,7168,65,40,19.5,-1,-1,57,206,1.8,362,51,185,3553,37,0.49,1,9.24,19,0,0,0,0,1.02,100,362
217,5.1,21,0,0,-1,-1,-1,69,16.5,0,0,0,0,1.2,507,100,505,3483,37,0.48,2,8.61,36,0.2,1,0,0,1.08,90,455
218,2.4,12,1.36,7,4460,49061,17,83,16.2,0,0,34,362,2.1,1074,64,682,2122,28,0.19,1,1.95,10,0.2,2,0.37,4,1.04,90,963
219,13.6,152,2.85,32,38624,1853932,24,254,22.6,72.9,4.95,29,286,0.9,982,23,227,1884,24,0.18,2,0.27,3,0.3,1,0.1,1,1.16,92,906
220,2.7,12,0.7,3,5633,135202,37,58,13.5,0,0,51,335,1.5,660,100,658,1438,42,0,0,1.4,6,0.8,5,0.45,3,1.11,52,341
221,13.7,58,0.24,1,13050,182698,34,68,16.1,32.26,0.9,55,642,2.8,1176,28,327,2015,22,0.47,2,1.18,5,1,4,0.34,4,1.15,51,594
222,1.5,5,0,0,-1,-1,-1,51,16.4,100,0.74,0,0,2.2,674,92,620,2499,26,1.6,5,4.17,13,0.3,2,0,0,1.11,89,601
223,4,12,0,0,3486,34861,49,50,17.1,0,0,55,367,2.3,667,93,621,1539,51,0,0,3.43,10,1,6,1.65,11,1.22,100,665
224,0,0,1.3,5,12830,64152,26,67,17.4,61.95,2.67,15,158,2.8,1072,44,470,2217,27,0,0,3.89,15,0.2,1,0.19,2,1.12,96,1031
225,20.4,267,0.15,2,3403,17014,15,38,2.9,0,0,0,0,0.4,540,44,237,1762,25,0,0,0.3,4,0.4,1,0.19,1,1.17,0,0
226,0.4,0,0,0,2154,2154,33,24,20.8,0,0,10,48,4.1,476,35,164,1671,59,0.87,1,6.06,7,0,0,0,0,1.11,100,476
227,12.3,73,0,0,5685,11370,28,56,9.4,0,0,0,0,1.4,840,100,840,1705,21,0.51,3,1.35,8,1.7,14,0.83,7,1.04,45,382
228,54.7,454,0.12,1,4341,30389,46,22,2.7,0,0,0,0,0.2,181,100,181,2365,16,0,0,0,0,1.7,3,0,0,1.25,0,0
229,29.3,395,0.07,1,5248,36736,32,105,7.8,0,0,7,63,0.6,861,92,792,2090,19,6.98,94,0.37,5,0.9,8,0.81,7,1.19,16,138
230,17.8,49,1.09,3,13084,104668,22,46,16.8,0,0,0,0,4.4,1233,18,223,1009,49,104.9,288,1.82,5,0,0,0.97,12,1.29,100,1233
231,12,149,0.96,12,21300,170398,12,113,9.1,19.01,0.88,59,652,0.9,1107,49,541,2003,19,0.32,4,0.4,5,0.7,5,0.18,2,1.21,46,507
232,18.6,87,1.71,8,16307,114151,15,69,14.7,-1,-1,75,715,2,952,93,883,1745,16,13.44,63,0.85,4,0.2,2,0.42,4,1.16,46,441
233,5.3,35,3.48,23,43583,1089580,10,121,18.3,28.03,1.62,0,0,1.7,1125,50,557,2567,24,0.15,1,1.81,12,0,0,0.18,2,1.19,85,958
234,29.9,387,0.7,9,14747,781609,33,151,11.7,0,0,0,0,0.7,921,100,921,1831,33,0,0,1.78,23,0.7,6,1.41,13,1.12,51,473
235,2.4,12,0.41,2,8047,24140,28,86,17.5,36.33,0.89,2,14,1.8,905,80,727,2198,47,1.63,8,6.92,34,0.1,1,0.44,4,1.13,77,694
236,7.9,57,1.39,10,116799,817596,19,119,16.6,47.65,1.72,23,102,0.6,451,100,451,4145,21,0,0,3.76,27,0.2,1,0.22,1,1.08,55,247
237,14.8,142,0.1,1,3695,70211,40,91,9.5,0,0,0,0,1.1,1026,91,935,1469,30,7.01,67,0.94,9,1.2,11,0.88,9,1.17,71,731
238,8.3,46,0.36,2,27292,682305,41,85,15.5,-1,-1,46,408,1.6,881,96,842,1441,37,0.18,1,1.82,10,0.8,7,1.14,10,1.16,76,673
240,10.4,41,0.51,2,17543,508742,55,87,22.1,0,0,100,888,2.3,888,64,564,1203,61,0.51,2,5.34,21,0.4,2,0.9,8,1.19,100,888
241,3.4,19,0.18,1,18677,56032,20,100,17.6,81.63,3.2,0,0,1.3,739,85,628,3463,28,0.88,5,7.03,40,0,0,0,0,1.09,55,403
242,18.6,52,0,0,10159,20318,24,31,11.1,100,2.42,0,0,1.8,507,100,507,1981,13,0,0,0,0,2.4,12,0.2,1,1.14,0,0
243,59.2,322,0,0,990,990,31,5,0.9,26.25,0.63,0,0,0.1,46,100,46,1957,47,0.18,1,0,0,0,0,0,0,1.14,4,2
244,27,187,0.14,1,-1,-1,-1,49,7.1,56.72,2.49,0,0,1,694,100,691,1686,26,0,0,1.01,7,1.2,8,0.29,2,1.05,9,60
245,3,5,0,0,4426,66394,42,37,21,-1,-1,0,0,3.7,646,35,223,1628,44,2.27,4,2.27,4,0.5,1,1.7,11,1.18,100,646
246,3.3,9,2.11,6,14640,263513,24,87,30.6,-1,-1,55,668,4.2,1206,12,150,2039,44,0,0,2.46,7,0.9,6,1.33,16,1.2,100,1206
247,21.2,28,3.82,5,37616,489010,28,45,34.4,-1,-1,100,453,3.5,453,3,13,1528,47,0,0,0,0,0,0,1.55,7,1.21,100,453
248,4.1,7,4.95,8,9650,202652,39,44,27.2,100,1.15,72,602,5.2,836,1,8,1056,34,0,0,0.62,1,-1,-1,1.91,16,1.07,100,836
249,0,0,0,0,5188,62250,34,38,29.6,-1,-1,100,531,4.1,531,10,53,1382,47,0,0,0,0,1.9,1,1.32,7,1.05,100,531
250,17.6,57,0.31,1,2714,5428,12,38,11.7,0,0,26,178,2.1,674,47,318,2264,18,0,0,0.92,3,0.9,6,0.15,1,1.02,33,225
251,23.4,70,0.33,1,736,736,15,45,15,0,0,11,75,2.2,672,100,672,2430,13,1.33,4,2,6,0.7,5,0.3,2,1.12,40,269
252,8.1,20,0.41,1,1611,1611,53,27,11,0,0,14,48,1.4,344,100,344,2377,25,0,0,3.26,8,0.6,2,0.58,2,0.98,0,0
253,0,0,8.39,54,200536,4010727,12,122,19,100,2.25,33,285,1.3,866,57,495,2594,22,0,0,3.11,20,0.3,2,0.12,1,1.15,85,732
254,38.8,549,2.69,38,103407,5480567.25,20,259,18.3,68.08,3.37,52,295,0.4,570,8,46,1440,53,0,0,0.21,3,0,0,0.18,1,1.23,99,567
255,5.1,24,2.32,11,19573,78292,17,108,22.8,-1,-1,68,839,2.6,1232,47,582,3206,20,40.91,194,4.64,22,0.2,2,0.08,1,1.05,73,897
256,53.4,2190,0.17,7,5120,46081,43,196,4.8,-1,-1,0,0,0.3,1238,100,1235,3411,19,4.12,169,1.29,53,0.2,3,0.16,2,1.09,0,0
257,3.6,43,0.92,11,19223,461342,8,146,12.3,93.93,2.01,72,1055,1.2,1456,38,556,2282,13,0.84,10,0.25,3,0.1,1,0,0,1.26,0,0
258,13.2,109,0.24,2,5160,61921,43,83,10,0,0,7,73,1.2,1031,100,1030,1511,33,7.14,59,1.57,13,1.1,11,1.84,19,1.13,87,895
259,6.7,28,0,0,5235,94235,45,53,12.9,100,0.25,57,557,2.4,981,60,592,1587,19,0.73,3,1.22,5,1.1,8,2.96,29,1.02,86,842
260,13.1,184,1.07,15,65574,4131155,26,343,24.4,0,0,8,102,0.9,1255,86,1073,1657,33,0.14,2,0.85,12,0.6,6,0.88,11,1.2,99,1241
261,0.1,0,0,0,-1,-1,-1,62,11.4,45.45,2.65,1,9,1.6,860,100,860,1716,36,0,0,4.05,22,0.1,1,0.23,2,1.09,100,860
262,5.6,56,0,0,46880,46880,26,142,14,91.52,3.67,17,208,1.2,1233,84,1039,3643,25,0,0,5.34,54,0.2,2,0.24,3,1.08,33,401
263,2.8,18,0.16,1,13351,26701,21,108,17.1,0,0,22,230,1.7,1062,81,864,2625,29,0.79,5,8.08,51,0,0,0.09,1,1.02,90,953
264,12.1,39,0.31,1,3585,7170,24,56,17.2,19.75,0.63,50,489,3,975,37,360,2691,20,0,0,3.38,11,0,0,0.31,3,1.07,0,0
265,3.3,9,0,0,-1,-1,-1,41,14.8,0,0,24,129,2,547,100,546,2082,22,0,0,1.81,5,0.2,1,0,0,1.04,100,546
266,20.6,385,0.16,3,12054,96432,31,99,5.3,30.21,3.16,25,266,0.6,1057,99,1050,1944,22,1.92,36,0.43,8,0.2,2,0.19,2,1.07,0,0
267,22.2,442,0.25,5,105316,3264794,21,300,15.1,-1,-1,0,0,0.8,1609,100,1609,2114,15,1.76,35,1.06,21,0.1,2,0.12,2,1.11,0,0
268,1.3,3,0,0,2906,2906,12,44,17.1,-1,-1,40,281,2.7,695,89,617,1638,33,0,0,1.17,3,1.3,8,1.15,8,1.08,100,694
269,3,14,0.66,3,22151,243662,16,103,22.5,0,0,45,547,2.6,1205,54,649,2446,30,1.97,9,5.03,23,0.1,1,0.25,3,1.13,99,1198
270,0,0,0,0,34116,307042,34,43,47.8,100,0.57,100,598,6.6,598,0,0,-1,-1,0,0,0,0,-1,-1,2.17,13,1.07,100,598
271,0.3,0,0,0,-1,-1,-1,28,16.5,-1,-1,20,90,2.7,448,100,448,1424,46,0,0,5.32,9,0.7,3,2.9,13,1.18,100,448
272,7.1,37,3.6,19,35830,2042330,25,161,30.5,77.25,4.38,41,320,1.5,780,0,0,-1,-1,0,0,0,0,-1,-1,0.13,1,1.13,100,780
273,26.5,160,0.17,1,4039,12116,24,38,6.3,0,0,0,0,1.2,718,90,646,1964,12,3.64,22,0.5,3,1.7,12,0.14,1,1.07,0,0
274,8,10,3.32,4,38081,380805,22,41,34,83.54,1.37,48,266,4.6,554,0,0,-1,-1,0,0,0,0,-1,-1,0,0,1.26,100,554
275,3.2,12,1.54,6,9985,169743,19,77,19.7,23.99,1.36,43,389,2.3,895,50,445,2783,25,0,0,1.79,7,0.4,2,0.11,1,1.01,10,88
276,12.2,50,1.46,6,17144,102864,48,50,12.2,0,0,0,0,1.6,668,100,668,2155,20,0,0,1.46,6,0.3,2,0.45,3,1.02,0,0
277,31.5,290,0.11,1,2192,2192,39,58,6.3,74.69,1.21,0,0,0.8,740,100,737,2189,14,1.41,13,0.76,7,0.7,5,0.14,1,1.15,0,0
278,14.9,26,0.58,1,11395,79768,17,43,24.8,-1,-1,39,332,4.9,852,18,155,2143,13,0,0,0.58,1,1.9,3,0,0,1.16,0,0
279,0.8,1,0,0,5704,5704,16,38,32.2,0,0,11,92,7.4,870,0,0,-1,-1,0,0,0.85,1,0.8,3,0.11,1,1.16,0,0
280,11.3,103,1.64,15,46631,3404056,29,228,24.9,0,0,0,0,0.4,409,83,340,1559,22,0.11,1,0.98,9,2.5,10,2.44,10,1,43,174
281,10,19,1.6,3,51582,980056,18,77,41.2,-1,-1,100,481,2.6,482,1,5,1487,35,0,0,1.6,3,2.8,8,0.41,2,1.12,0,0
282,20.2,70,0,0,625,625,43,30,8.6,0,0,0,0,1.5,514,100,514,1845,20,2.87,10,1.15,4,1,5,0.78,4,1.07,0,0
283,18.2,79,0.23,1,52976,52976,30,63,14.5,0,0,30,319,2.4,1050,80,842,1625,24,0.23,1,3.45,15,0.8,8,0.86,9,1.09,66,688
284,63.8,607,3.05,29,5846,11692,12,72,7.6,0,0,0,0,0.3,288,100,288,3971,20,2.52,24,2,19,0.3,1,0,0,1.2,0,0
285,13.8,381,2.13,59,97838,17023792,32,897,32.4,77.11,3.1,0,0,0,16,100,16,597,16,0.04,1,0,0,0,0,-1,-1,1.31,94,15
286,26,427,0.06,1,31361,1223072,34,176,10.7,0,0,0,0,0,80,53,42,1499,52,0,0,0.12,2,0,0,0,0,1.25,0,0
287,5.5,84,4.29,66,27822,6844223,27,519,33.7,49.88,2.01,100,1214,0.8,1215,4,50,1539,46,0.06,1,0.06,1,0,0,-1,-1,1.26,100,1215
288,10.8,62,0,0,9953,218968,37,87,15.1,-1,-1,14,140,1.7,995,64,639,2446,33,0.7,4,4.35,25,0.1,1,-1,-1,1.03,86,859
289,23.8,300,1.03,13,53520,695758,9,147,11.7,26.14,1.77,8,108,1,1303,100,1300,2006,15,1.43,18,0.64,8,0.2,2,0.08,1,1.13,17,224
290,7.7,65,7.12,60,17981,4890882,41,313,37.1,-1,-1,4,16,0.5,411,100,410,778,65,0,0,0.71,6,1.4,3,2.92,12,1.25,100,411
291,4.7,7,16.37,24,3032,15159,42,41,28,-1,-1,0,0,6.8,998,16,162,1187,16,0,0,1.36,2,0,0,6.81,68,0.96,100,998
292,22.4,69,1.96,6,15752,488307,48,48,15.7,0,0,21,87,1.3,409,55,223,1036,37,0,0,1.96,6,0,0,3.18,13,1.15,100,409
293,4.7,5,0,0,7366,88387,56,19,17.3,-1,-1,0,0,3.2,354,96,338,1064,70,0,0,8.18,9,0,0,7.06,25,1.37,100,354
294,23.3,87,0.27,1,26171,444909,38,53,14.2,100,1.59,0,0,1.2,431,38,165,1092,63,0,0,0.54,2,0,0,3.71,16,1.07,100,431
295,7.3,8,0.94,1,2894,14470,33,26,24.5,0,0,0,0,4.9,521,50,260,1230,44,0.94,1,4.71,5,1.3,3,2.11,11,1.29,100,521
296,27.4,203,0,0,495,495,8,59,8,-1,-1,1,7,0.8,580,100,578,2802,17,4.18,31,1.48,11,0.3,2,0,0,1.18,0,0
297,0,0,0,0,4313,4313,27,19,18.3,-1,-1,85,128,1.4,150,100,150,3387,31,0,0,10.57,11,0,0,0,0,1.08,92,138
298,0.1,0,12.66,32,23735,1424121,24,148,58.6,92.45,0.49,100,798,3.2,798,0,0,-1,-1,0,0,0.79,2,0,0,-1,-1,1.18,100,798
299,22.5,108,1.67,8,9491,113895,35,80,16.7,60.36,2.01,32,382,2.5,1182,62,728,1652,21,17.11,82,1.46,7,0.7,8,0.34,4,1.1,73,861
300,13.6,64,2.77,13,35187,2463123,25,172,36.6,99.55,2.22,100,576,1.2,576,7,39,2031,35,0,0,0.21,1,0.8,1,-1,-1,1.15,100,576
301,21.2,113,0,0,598,598,3,53,10,60.06,2,0,0,1.5,808,100,808,1993,20,0.38,2,0.75,4,0.6,5,0.12,1,1.05,2,14
302,0,0,0.81,3,2865,8596,33,70,18.8,100,1.79,47,567,3.2,1205,59,705,2546,25,0,0,8.86,33,0.4,3,0.41,5,1.04,95,1147
303,0,0,6.01,12,16464,345746,27,65,32.6,100,1.05,86,775,4.5,898,16,147,2262,35,0,0,3.01,6,0,0,0.22,2,1.26,100,898
304,11,7,4.51,3,26402,132009,22,28,42.1,-1,-1,0,0,5.7,378,2,8,1088,18,0,0,1.5,1,12.5,1,5.29,20,0.94,100,378
305,17.6,53,0.67,2,14589,87535,46,36,12,-1,-1,40,164,1.4,408,60,243,1435,43,0,0,0.67,2,1.7,7,0.98,4,1.16,41,168
306,37,251,6.04,41,48983,1959331,29,106,15.6,0,0,0,0,0.6,412,12,51,1098,63,0.15,1,0,0,0,0,2.67,11,1.17,100,412
307,2.4,12,0.58,3,85455,940003,20,90,17.5,0,0,39,569,2.8,1442,55,796,1580,30,0,0,2.91,15,0.6,5,0.35,5,1.17,100,1440
308,1.9,5,0.83,2,-1,-1,-1,37,15.4,32.68,1.17,68,338,2.1,495,100,495,2205,17,0,0,3.74,9,0,0,0.2,1,1.03,0,0
309,3.4,25,0,0,2870,2870,19,72,9.9,0,0,0,0,0.9,617,87,536,2538,22,0.14,1,2.62,19,0,0,0.16,1,1.05,0,0
310,3.4,14,1.97,8,10483,220146,16,76,18.7,-1,-1,67,551,2,822,84,693,2329,18,0,0,1.48,6,0,0,0.12,1,1.12,0,0
311,8.7,34,0.51,2,6478,97164,55,59,15.2,0.75,0.02,1,4,1.5,573,96,549,1283,62,0.26,1,3.08,12,0.2,1,4.19,24,1.43,100,573
312,3.5,7,0,0,3692,14768,32,35,16.9,-1,-1,85,528,3,622,43,268,1409,47,0,0,0.48,1,1.5,4,4.98,31,1.24,100,622
313,7.7,50,1.08,7,101228,3441745,21,198,30.6,61.24,1.88,0,0,0.9,575,78,449,1585,24,0,0,0.46,3,0.4,2,0.35,2,1.01,99,570
314,1.3,4,1.25,4,2510,25100,52,49,15.4,100,3.59,12,109,2.9,933,45,417,1339,59,1.25,4,3.76,12,0.5,2,2.47,23,1.17,100,933
315,11.1,27,3.74,9,6273,545728,62,70,29.1,100,1.64,100,397,1.6,397,71,280,1492,69,0.42,1,6.24,15,0.4,1,0.76,3,1.29,100,397
316,6.4,28,2.09,9,14015,434459,30,122,28.3,82.42,3.89,86,1245,3.4,1449,35,511,1775,46,0,0,2.09,9,0.6,3,1.73,25,1.19,100,1449
317,18.8,32,0,0,16311,130487,34,23,13.6,38.67,0.29,0,0,1.8,308,68,208,1105,67,0,0,2.36,4,1,2,2.92,9,1.12,100,308
318,6.8,26,0.26,1,14044,112348,18,63,16.4,100,1.96,27,189,1.8,693,95,659,2008,35,0,0,4.16,16,0,0,0.29,2,1.12,23,160
319,5.4,39,1.81,13,40547,1784065,25,157,21.9,71.21,1.88,13,143,1.5,1081,89,957,1529,34,0,0,1.25,9,0.6,6,0.74,8,1.14,40,434
320,0.9,2,0,0,13795,248315,44,63,23.9,-1,-1,57,255,1.7,446,95,423,2085,49,3.03,8,10.23,27,0.2,1,0.45,2,1.24,100,446
321,15.2,33,0.92,2,13471,161657,48,35,16.1,-1,-1,0,0,2.2,478,64,308,1289,45,0,0,0.92,2,0.7,3,4.39,21,1.22,100,478
322,6.2,12,0,0,-1,-1,-1,29,14.5,-1,-1,0,0,2.1,426,100,426,1569,29,0,0,5.02,10,1,4,1.17,5,1.04,79,337
323,3.5,19,1.6,9,18905,737285,34,119,21.1,-1,-1,29,257,1.6,890,82,730,1531,37,0.53,3,2.31,13,1,8,0.79,7,1.07,99,885
324,28.8,394,0,0,16738,83692,19,81,5.9,-1,-1,2,9,0.4,592,100,591,2790,28,0,0,0.95,13,0.2,1,0.68,4,1.05,0,0
325,7.4,44,0.33,2,7753,15506,37,80,13.4,-1,-1,63,714,1.9,1128,64,716,1862,43,0,0,1.67,10,0.5,5,1.42,16,1.15,78,885
326,3.1,5,0.66,1,3076,27685,56,28,18.4,100,1.07,0,0,2.7,411,60,248,1050,67,0,0,4.61,7,2.4,6,10.95,45,1.32,100,411
327,13.2,30,7.83,18,13487,202304,28,50,21.7,-1,-1,47,296,2.7,626,53,333,1245,50,0,0,3.48,8,0.5,2,3.51,22,1.21,100,626
328,17.1,124,0.41,3,26250,1076242,32,134,18.4,0,0,49,187,0.5,381,99,378,1703,43,0,0,0.69,5,0,0,0.52,2,1.25,83,316
329,33.7,159,1.91,9,7940,47637,41,53,11.3,100,0.25,29,222,1.6,758,81,612,1874,21,0.64,3,1.28,6,1.5,11,0.4,3,1.06,79,598
330,10.7,69,0.47,3,10704,107042,46,56,8.7,0,0,0,0,1.2,771,100,771,1581,21,0.16,1,0.78,5,0.7,5,1.82,14,1.03,33,257
331,33.4,436,1.99,26,35604,2385456,24,247,18.9,0,0,35,243,0.5,696,24,167,1833,36,2.83,37,0.08,1,1.2,2,0.14,1,1.25,96,666
332,31.6,188,0,0,18866,75465,17,50,8.4,12.19,0.79,0,0,1.2,713,90,644,1998,16,0.17,1,1.85,11,1.3,9,0.42,3,1.15,67,481
333,18.5,114,0,0,19207,57621,27,84,13.6,0,0,16,166,1.7,1060,100,1060,1516,35,3.07,19,2.58,16,0.8,8,1.13,12,1.15,12,122
334,0,0,9.03,36,1399415,4198245,20,183,45.9,33.65,0.71,0,0,0.9,356,0,0,-1,-1,0,0,0,0,-1,-1,0,0,1.23,100,356
335,11.9,102,0.93,8,30227,211590,13,123,14.3,-1,-1,39,441,1.3,1118,90,1003,2882,14,0,0,1.28,11,0.1,1,-1,-1,1.12,0,0
336,33.6,507,0.46,7,17398,208775,19,126,8.3,0,0,42,794,1.3,1908,57,1093,2486,15,0,0,0.4,6,0.2,3,0.37,7,1.22,0,0
337,17.7,126,0,0,10265,30796,25,61,8.6,0,0,0,0,1,724,77,555,2825,17,0.28,2,0.99,7,0.3,2,0.14,1,1.14,0,0
338,3,5,4.58,7,14287,985781,51,73,47.7,-1,-1,86,1151,8.7,1334,0,0,-1,-1,0,0,0.65,1,-1,-1,1.57,21,1.29,100,1334
339,10.3,26,15.37,39,20959,2074971,53,101,39.8,0,0,100,1186,4.7,1186,3,30,1251,78,3.55,9,1.18,3,0,0,0,0,1.38,100,1186
340,5.1,19,33.76,127,85505,6583894,54,127,33.8,100,1.33,100,4182,11.1,4182,2,74,2099,83,170.42,641,2.92,11,0.1,3,0.24,10,1.42,100,4182
341,3.3,12,29.01,107,110974,8988869.3,46,157,42.6,100,1.98,43,808,5.1,1898,3,59,2088,19,0,0,1.9,7,0.2,1,0.58,11,1.54,100,1898
342,1.4,4,72.17,202,253343,15200553,37,138,49.3,100,0.59,100,424,1.5,424,0,1,-1,-1,163.99,459,0.36,1,0,0,0,0,1.51,100,424
343,4.2,11,3.47,9,7300,357702,64,63,24.3,0,0,53,454,3.3,861,70,605,1413,73,2.7,7,11.55,30,0.2,1,0.93,8,1.39,100,861
344,13.9,36,1.14,3,9577,498008,52,54,20.6,-1,-1,23,185,3,794,46,362,1220,58,0,0,4.96,13,0.1,1,1.89,15,1.3,100,794
345,24.5,161,0.61,4,12381,99049,40,54,8.2,0,0,50,190,0.6,379,100,379,1597,41,0,0,0.46,3,0,0,0,0,1.27,52,197
346,7.6,56,2.19,16,63830,2808530,43,195,26.7,0,0,0,0,1.4,1056,66,696,1339,52,0,0,0.82,6,0.3,2,1.99,21,1.23,100,1051
347,15.9,22,1.43,2,21616,453942,57,36,25.7,6.38,0.06,0,0,2.5,345,59,203,1218,63,4.29,6,10.73,15,0.6,1,4.06,14,1.24,100,345
348,17.4,277,0.06,1,4537,127028,53,147,9.2,50,2.8,22,288,0.8,1284,97,1240,1786,38,0.13,2,1.63,26,0.9,12,0.31,4,1.21,60,765
349,2.3,7,0,0,1583,7917,42,61,20.5,100,2.66,75,594,2.7,790,34,267,3682,41,1.01,3,7.73,23,0,0,0.13,1,1.15,93,734
350,0,0,0.96,3,8120,40598,46,75,24.1,100,1.52,5,37,2.4,758,40,306,2506,46,0.32,1,7.06,22,0.6,3,0,0,1.14,67,505
351,9.5,19,0.49,1,-1,-1,-1,36,17.8,0,0,46,203,2.2,441,78,345,2818,23,1.98,4,5.93,12,0,0,0.68,3,1.09,98,433
352,1.9,5,0.79,2,5285,21139,21,76,30,0,0,0,0,4.5,1142,16,177,2746,21,0,0,1.58,4,0,0,0.18,2,1.04,100,1141
353,2.1,14,0.58,4,24964,124822,26,113,16.5,75.18,4.12,13,127,1.5,1003,100,1003,2418,40,0,0,6.71,46,0,0,0.1,1,1.19,91,914
354,1.5,4,8.59,22,40284,604255,25,72,28.1,99.44,1.77,50,509,4,1012,10,103,1672,35,0,0,1.95,5,1.5,4,0,0,1.24,100,1012
355,1.9,12,9.1,58,58397,2686268,14,183,28.7,99.31,4.34,0,0,1.7,1049,20,213,2266,17,0,0,0.78,5,0,0,0.29,3,1.13,39,405
356,6.3,61,2.25,22,57029,627315,19,207,21.2,-1,-1,63,1196,1.9,1893,50,940,4410,17,3.07,30,4.41,43,0.3,5,0,0,1.07,56,1053
357,2.7,9,5.5,19,14873,252840,41,96,27.8,0,0,36,518,4.2,1439,44,629,1719,46,0.58,2,8.68,30,0.2,2,0.21,3,1.14,99,1427
358,0.6,5,22.47,185,129060,7872634,26,306,37.2,100,4.92,61,1010,2,1665,38,634,2656,50,0.49,4,6.68,55,0,0,0,0,1.25,100,1665
359,3,13,1.93,8,1238,1238,23,88,21.2,-1,-1,0,0,2.6,1064,71,754,2347,45,0.48,2,13.72,57,0,0,0.09,1,1.18,100,1064
360,27.2,386,0.21,3,8057,64453,19,104,7.3,65.64,3.82,0,0,1.1,1499,100,1499,1771,20,2.11,30,0.99,14,0.9,13,0.27,4,1.07,31,468
361,20.9,104,3.63,18,19833,1705617,56,117,23.6,72.41,2.94,0,0,1.2,596,77,459,1021,66,18.97,94,2.02,10,0.9,3,4.53,27,1.42,100,596
362,2.8,22,1.6,13,50859,1932657,34,169,20.8,37.41,1.59,0,0,1.6,1303,61,799,1212,53,0.12,1,1.97,16,0.3,2,2.46,32,1.27,100,1303
363,19.3,262,1.54,21,29385,5436212,45,362,26.6,0,0,0,0,0.9,1205,76,912,935,56,0.29,4,1.91,26,0.1,1,5.48,66,1.23,100,1205
364,4,19,0.83,4,6383,255335,59,132,27.3,100,2.58,55,628,2.4,1149,72,826,3569,53,2.28,11,12.82,62,0.1,1,0,0,1.34,100,1149
365,3.7,10,2.23,6,10943,306404,47,70,26,100,0.6,90,747,3.1,826,71,588,1210,60,0,0,33.75,91,0.2,1,0.73,6,1.36,100,826
366,3.6,13,6.61,23,18358,2001009,51,133,38.2,100,2.24,100,441,1.3,441,52,230,1217,63,0,0,1.44,5,0,0,0.91,4,1.27,100,441
367,2.6,19,8.75,64,27880,6273021,59,263,36,100,2.05,89,2766,4.2,3094,29,909,1863,79,16.68,122,7.25,53,0.1,1,0.16,5,1.41,100,3094
368,4.6,51,2.52,28,48607,2867798,21,299,26.9,7.86,0.37,85,1007,1.1,1184,79,932,1548,37,0,0,0.99,11,0.7,8,-1,-1,1.24,100,1184
369,8.6,28,2.74,9,15379,1368726,51,87,26.4,-1,-1,0,0,1.4,465,85,397,974,66,0,0,1.52,5,0.3,1,3.23,15,1.29,100,465
370,9.9,46,2.76,13,22080,1236497,29,141,29.9,100,3.19,87,1059,2.6,1219,43,527,936,52,1.7,8,2.33,11,0.8,3,4.51,55,1.21,100,1219
371,7.7,108,0.86,12,17201,2218897,39,339,24.3,83.75,2.01,12,261,1.6,2254,83,1871,1324,51,0.07,1,1.86,26,0.6,11,2.88,65,1.3,100,2254
372,5.5,108,0.15,3,10155,152321,17,320,16.4,0,0,20,883,2.2,4416,83,3647,2345,17,0,0,1.79,35,0.5,20,0.16,7,1.11,8,342
373,2.3,19,0.82,7,19105,114629,39,178,20.8,0,0,27,306,1.3,1113,86,959,2726,48,0.94,8,6.2,53,0.2,2,0.36,4,1.23,70,778
374,14,58,1.68,7,3611,122758,48,65,15.6,0,0,51,576,2.7,1137,85,968,1073,56,0.48,2,6.48,27,0.9,8,6.86,78,1.27,100,1137
375,1.9,19,0,0,14783,103480,18,150,15.1,100,2.16,37,324,0.9,867,100,866,3951,33,2.02,20,7.07,70,0,0,0,0,1.13,76,659
376,16.6,191,0,0,15568,140110,39,109,9.5,20.26,1.23,24,358,1.3,1517,94,1427,1772,24,0,0,1.22,14,0.8,11,0.4,6,1.06,76,1153
377,9.7,105,0.37,4,13527,40580,16,130,12,30.42,1.39,3,62,1.9,2043,80,1643,2558,14,0.09,1,1.67,18,1,20,0.15,3,1.12,0,0
378,3.6,33,1.64,15,11164,814968,60,176,19.3,100,2.45,73,1582,2.4,2168,88,1911,1727,63,3.5,32,15.65,143,0.1,1,0.23,5,1.34,100,2168
379,2.7,29,0.28,3,28780,143899,19,180,16.8,44.25,2.85,39,520,1.2,1324,98,1302,3755,20,0.47,5,5.96,64,0.1,1,0.15,2,1.07,0,0
380,2.8,53,0.21,4,1645,4934,23,220,11.7,29.99,2,6,117,1,1831,100,1831,3561,25,0.16,3,4.15,78,0.1,2,0.16,3,1.08,7,134
381,1.6,8,6.7,33,10672,384177,54,125,25.4,100,0.94,60,1233,4.2,2071,37,770,1419,66,22.75,112,8.73,43,0,0,0.14,3,1.29,99,2057
382,11.3,49,2.99,13,14229,540683,57,90,20.7,16.6,0.39,0,0,2.1,915,82,752,1095,61,4.14,18,9.9,43,0.3,2,4.04,37,1.38,100,915
383,2.8,17,0.97,6,12679,722675,37,175,28.3,100,1.44,78,1242,2.6,1591,68,1089,1478,52,0,0,4.37,27,0.2,2,1.32,21,1.29,95,1510
384,3.1,11,40.01,139,93690,10399613.1,61,136,39.1,99.14,1.15,70,1273,5.2,1821,5,96,1472,89,103.33,359,2.88,10,0.2,2,0.16,3,1.44,100,1821
385,8.6,68,1.26,10,14941,821752,55,148,18.7,0,0,26,518,2.5,1984,69,1367,1087,61,0.63,5,3.79,30,0.8,12,4.13,82,1.2,100,1984
386,8.2,23,3.24,9,11052,232090,61,48,17.3,-1,-1,31,260,3,841,82,690,1122,66,6.84,19,19.44,54,0,0,2.38,20,1.45,100,841
387,17.6,313,1.57,28,21845,5155455,40,537,30.2,0,0,45,423,0.5,943,86,814,1125,51,0,0,0.62,11,0.4,3,2.33,22,1.33,100,943
388,7,28,8.55,34,17230,1395590,55,93,23.4,2.27,0.02,48,473,2.5,985,68,666,1235,73,8.55,34,13.58,54,0.2,1,3.55,35,1.49,100,985
389,1.1,13,2.18,24,9363,308968,42,232,21.1,2.44,0.01,18,627,3.3,3575,55,1959,1444,50,0,0,4.55,50,0.6,12,0.9,32,1.26,100,3575
390,6.1,16,0.75,2,9747,672514,55,73,27.4,-1,-1,93,731,2.9,783,42,330,1199,54,4.13,11,2.63,7,0,0,0.51,4,1.2,100,783
391,1.3,7,0,0,33410,66820,48,95,16.9,-1,-1,0,0,1.7,971,99,959,2313,42,0,0,8.37,47,0.1,1,0.1,1,1.21,21,206
392,1.4,20,3.27,48,27338,1421583,52,405,27.6,100,7.81,28,1145,2.8,4089,65,2641,3000,60,7.84,115,12.82,188,0.1,2,0.12,5,1.44,100,4079
393,0.6,6,6.81,68,18636,1919529,39,289,29,69.84,4.4,21,574,2.7,2681,69,1842,1575,58,26.75,267,8.52,85,0.2,4,0.48,13,1.35,97,2611
394,7.5,30,1.53,6,18403,239235,40,93,23.7,100,0.14,10,139,3.7,1444,36,514,1713,50,1.02,4,7.64,30,0.5,4,0.69,10,1.17,98,1408
395,9.1,57,1.74,11,22756,978502,16,154,24.4,22.58,0.21,89,591,1,662,67,441,2158,31,0.16,1,0.95,6,0.5,3,-1,-1,1.13,0,2
396,33.8,1520,0.02,1,3594,14375,25,113,2.5,0,0,0,0,0.2,1015,89,906,2024,30,0.62,28,0.47,21,1.1,11,-1,-1,1.09,0,0
397,4.9,7,1.99,3,20885,417698,15,61,40.5,-1,-1,91,1021,7.5,1128,4,39,1903,15,0,0,0.66,1,0,0,-1,-1,1.23,100,1128
398,18,50,1.08,3,20749,103744,28,35,12.6,100,0.73,0,0,1.5,415,33,135,2517,8,1.08,3,0.36,1,0.5,2,-1,-1,1.23,95,393
399,23,150,2.91,19,36992,998789,15,116,17.8,81.12,2.75,50,533,1.6,1057,45,476,2150,16,1.68,11,1.38,9,0.4,2,-1,-1,1.33,99,1051
400,7.1,47,0.3,2,2164,4328,33,88,13.3,0,0,0,0,1.3,881,100,881,2833,26,0.3,2,3.32,22,0,0,-1,-1,0.99,33,289
401,6.1,55,0.55,5,12523,175324,27,109,12.1,-1,-1,28,233,0.9,824,88,723,1964,31,0.11,1,0.55,5,0.4,3,-1,-1,1.11,0,0
402,21.7,213,0.1,1,22043,132256,32,64,6.5,-1,-1,2,12,0.6,571,100,571,2102,31,0.1,1,1.53,15,0.4,2,-1,-1,1.14,0,0
403,26.6,475,0.61,11,15055,210765,16,119,6.7,0,0,15,101,0.4,689,100,689,2910,25,1.51,27,1.12,20,0,0,-1,-1,1.1,10,72
404,13.8,57,1.71,7,9290,306564,56,67,16.4,100,0.17,65,551,2.1,853,64,549,1445,47,0.24,1,1.47,6,0,0,-1,-1,1.17,99,845
405,9.5,54,0.52,3,59907,419350,18,99,17.3,-1,-1,1,10,2.4,1379,75,1036,2002,14,0.17,1,2.44,14,0.1,1,-1,-1,1.35,34,470
406,9.8,135,0.22,3,11307,135688,31,142,10.3,0,0,15,128,0.6,864,98,847,2643,30,1.81,25,2.32,32,0.2,2,-1,-1,1.15,9,82
407,21.2,316,0.6,9,7735,193376,41,96,6.4,8.37,0.17,24,170,0.5,716,99,711,2136,34,0.47,7,0.8,12,0,0,-1,-1,1.11,26,185
408,5.5,62,0.63,7,21906,481927,23,153,13.8,5.06,0.26,40,431,1,1070,86,924,2485,28,0.54,6,1.8,20,0.2,2,-1,-1,1.18,47,503
409,11.8,108,0.98,9,14156,311442,23,168,18.3,-1,-1,30,311,1.1,1045,91,953,4001,20,0.98,9,4.89,45,0.1,1,-1,-1,1.12,26,275
410,7.9,19,8.55,21,19839,198394,17,65,26.5,-1,-1,0,0,3.8,1001,12,120,2776,26,0.81,2,3.66,9,0.1,1,-1,-1,1.11,97,974
411,25.9,135,7.65,40,22236,1111781,15,108,20.7,0,0,0,0,1.2,621,67,413,1852,13,0.77,4,0.57,3,0.6,4,-1,-1,1.27,26,164
412,17.5,354,0.3,6,33490,803769,25,98,4.9,0,0,2,4,0.1,252,99,249,2297,31,0.25,5,0.05,1,0,0,-1,-1,1.11,2,4
413,11.3,134,0.17,2,12188,365652,36,126,10.7,0,0,0,3,1,1214,99,1207,2796,18,0.08,1,1.27,15,0.2,3,-1,-1,1.08,11,129
416,4.5,10,3.3,7,15733,487733,11,57,26.9,30.65,0.76,100,893,4.2,893,7,64,1906,18,0,0,0.47,1,0,0,-1,-1,1.29,100,893
417,9.6,66,0.29,2,27238,81714,15,70,10.2,58.56,3.9,45,325,1.1,719,79,570,2399,18,1.61,11,1.17,8,0.3,2,-1,-1,1.23,61,438
418,18.6,158,2.47,21,20716,704344,16,137,16.1,12.3,0.46,30,349,1.4,1171,73,859,3200,14,0.12,1,2.36,20,0.1,1,-1,-1,1.24,91,1063
419,11.1,63,0.18,1,2088,2088,20,75,13.3,46.69,3.03,0,0,1.7,952,100,952,2814,21,1.07,6,3.2,18,0,0,-1,-1,1.04,18,170
420,2.2,29,0.77,10,16526,313996,15,114,8.8,0.53,0.03,52,582,0.9,1114,79,874,2341,19,0.15,2,1.62,21,0,0,-1,-1,1.1,36,400
421,30.1,218,0,0,4124,28866,25,54,7.5,-1,-1,0,0,0.9,616,81,499,3068,11,4.28,31,0.97,7,0.5,3,-1,-1,1.31,0,0
422,29.2,919,1.59,50,51662,3358009,19,267,8.5,89.04,4.06,1,9,0.3,814,46,373,1909,22,0.19,6,0.22,7,1,6,-1,-1,1.32,64,525
423,38,1107,0.07,2,12198,280563,37,119,4.1,10.34,0.76,2,14,0.3,766,97,744,2622,28,2.1,61,0.41,12,0.4,3,-1,-1,1.17,0,0
424,10.8,117,0.09,1,82453,659625,29,188,17.3,-1,-1,46,356,0.7,777,73,564,2964,28,0.28,3,7.94,86,0.1,1,-1,-1,1.04,46,359
425,29.7,472,0,0,1705,5116,22,56,3.5,0,0,0,0,0.3,431,99,428,2731,23,0.25,4,0.57,9,0.2,1,-1,-1,1.02,0,0
426,4.5,22,1.4,7,38371,844169,23,114,22.8,23.66,0.22,69,559,1.6,809,68,553,2244,25,0,0,2.2,11,0.2,1,-1,-1,1.04,50,401
428,34,475,0.14,2,10716,139304,41,96,6.9,0,0,0,0,0.4,542,99,539,2284,31,0.72,10,0.79,11,0.4,2,-1,-1,1.12,0,0
430,47.7,308,0.46,3,13027,195401,22,94,14.5,67.77,5.32,0,0,2.5,1605,19,311,2474,7,11.61,75,4.33,28,0.8,5,-1,-1,1.26,39,633
431,29.2,211,0,0,889,889,13,53,7.3,0,0,0,1,1,693,100,692,1842,31,1.66,12,1.25,9,1,7,-1,-1,1.04,37,254
432,30.6,404,0.15,2,4787,43079,47,92,7,-1,-1,0,0,0.7,917,96,880,2314,25,0.15,2,0.83,11,0.1,1,-1,-1,1.06,1,10
433,19.9,47,0,0,-1,-1,-1,27,11.3,0,0,0,0,1.4,324,100,324,2668,22,0,0,2.94,7,0,0,-1,-1,1.07,0,0
434,27.5,1032,0.08,3,30565,213952,19,348,9.3,48.09,6.16,13,149,0.3,1116,83,930,3491,14,0.85,32,0.83,31,0.1,1,-1,-1,1.17,0,0
435,22.6,108,0.21,1,11407,22814,10,39,8.1,0,0,5,12,0.5,244,100,244,2633,38,0.42,2,0.83,4,0.8,2,-1,-1,1.12,54,132
436,3,12,0.5,2,13355,66773,26,57,14.2,0,0,45,269,1.5,604,100,604,2140,26,0,0,0.75,3,1,6,-1,-1,1.04,73,443
437,49.8,1755,0.09,3,24248,872910,58,159,4.5,0,0,1,14,0.4,1347,81,1097,2269,24,5.67,200,0.96,34,0.2,3,-1,-1,1.29,43,575
438,41.1,888,1.76,38,6609,178442,58,140,6.5,0,0,58,534,0.4,919,67,616,2554,16,5.51,119,1.02,22,0.1,1,-1,-1,1.31,59,546
442,19,88,0.43,2,13710,109682,29,66,14.3,0,0,45,328,1.6,732,97,708,1535,30,5.41,25,0.86,4,0.8,6,-1,-1,1.03,89,650
443,11.5,32,1.81,5,-1,-1,-1,45,16.3,-1,-1,0,0,2,558,100,558,2566,19,0.72,2,2.9,8,0.2,1,-1,-1,0.97,0,0
444,15.6,59,0,0,621,621,4,55,14.6,0,0,0,0,2.1,808,95,767,1733,25,1.06,4,2.65,10,0.6,5,-1,-1,1,0,0
445,9.1,61,0.45,3,1464,1464,28,71,10.6,91.38,5.51,2,25,1.5,1020,100,1020,2214,24,0,0,2.08,14,0.2,2,-1,-1,1.06,55,561
446,34.4,240,0,0,1536,1536,24,33,4.7,94.87,3.33,0,0,0.8,525,94,494,1933,17,0.72,5,0.86,6,0,0,-1,-1,1.12,31,162
447,16.9,205,0,0,1482,10372,31,64,5.3,78.62,4.67,0,0,0.8,965,91,881,2272,14,6.25,76,3.21,39,0.1,1,-1,-1,1.37,0,0
448,27.3,227,2.16,18,16839,1566011,21,206,24.7,100,1.04,46,728,1.9,1599,28,442,2449,15,1.44,12,1.2,10,0,0,-1,-1,1.32,99,1582
449,5,51,0.78,8,19241,288613,24,178,17.5,100,1.38,19,175,0.8,929,81,750,4288,21,0.59,6,4.9,50,0.2,2,-1,-1,1.08,23,213
450,14.6,1128,0.01,1,6962,41769,16,176,2.3,10.28,3.1,0,0,0.2,1355,99,1338,2846,19,0.19,15,0.27,21,0,0,-1,-1,1.22,0,0
451,32.9,994,0.13,4,20950,146653,33,178,5.9,14.44,1.37,0,2,0.4,1355,95,1285,3489,16,1.32,40,1.69,51,0.1,2,-1,-1,1.21,0,0
452,16.4,195,0.84,10,16932,694212,35,159,13.4,-1,-1,23,139,0.5,604,100,602,1976,30,0,0,1.01,12,0,0,-1,-1,1.23,85,511
453,18.2,131,0.28,2,14480,376468,54,89,12.3,74.3,6.33,11,98,1.3,916,44,400,1279,62,0,0,1.52,11,0.3,2,-1,-1,1.18,10,95
454,23,516,0.09,2,4937,172800,47,101,4.5,0,0,10,56,0.2,541,100,540,2512,31,0,0,0.44,10,0.4,2,-1,-1,1.03,5,29
455,17.4,273,0,0,5395,16185,27,90,5.7,0,0,19,146,0.5,755,86,651,2340,29,0.13,2,0.45,7,0.1,1,-1,-1,1.07,0,0
456,15.3,41,23.18,63,6580,157925,57,57,21,-1,-1,29,156,2,547,17,94,1772,60,53.71,146,1.1,3,0,0,-1,-1,1.25,100,545
457,5.5,15,0,0,-1,-1,-1,48,17.2,0,0,0,0,1.3,365,100,365,2574,30,0,0,4.29,12,0.3,1,-1,-1,1,51,186
458,11.3,31,0.36,1,9102,100119,34,46,16.6,100,0.17,16,62,1.4,394,100,394,2279,23,0,0,1.81,5,0.3,1,-1,-1,1.2,45,178
459,14.6,146,0,0,1238,3714,38,83,8.3,0,0,13,124,1,974,92,892,2056,25,0,0,1.4,14,0.6,6,-1,-1,1.04,13,125
460,16.5,177,1.95,21,20713,1263500,46,174,16.2,83.86,4.47,33,358,1,1083,93,1012,1873,30,0.19,2,1.58,17,0.2,2,-1,-1,1.16,38,411
462,29.9,1034,0.17,6,3549,49681,44,92,2.7,0,0,0,4,0.2,805,98,788,2310,26,1.59,55,0.41,14,0,0,-1,-1,1.24,25,198
463,6.2,33,0.94,5,8351,342408,25,98,18.5,0,0,57,578,1.9,1009,40,406,1801,33,0,0,0.94,5,0,0,-1,-1,1.08,100,1009
464,12.5,106,0.35,3,8412,185071,22,137,16.1,0,0,16,199,1.5,1274,92,1175,2597,18,0.12,1,1.88,16,0.2,2,-1,-1,1.33,89,1131
465,22.7,70,0.33,1,11713,35140,12,30,9.8,75.28,2.68,0,0,1.6,495,52,255,2133,24,0,0,2.93,9,0.4,1,-1,-1,1.11,0,2
466,29.6,848,0.1,3,8383,75444,39,108,3.8,16.77,0.79,7,69,0.3,960,88,849,2163,24,0.17,5,0.35,10,0.3,3,-1,-1,1.29,9,85
467,17.2,90,3.25,17,33163,1094367,13,134,25.6,0,0,60,429,1.4,713,94,671,2382,18,0,0,2.1,11,0,0,-1,-1,1.16,71,506
468,15.3,142,0.75,7,32157,128629,28,64,6.9,0,0,31,27,0.1,86,88,76,2510,61,0.11,1,0.22,2,0,0,-1,-1,0.98,56,48
469,30.8,854,0.04,1,2965,8896,24,77,2.8,20.59,1.8,0,0,0.2,692,80,551,2800,23,0.11,3,0.58,16,0.3,2,-1,-1,1.25,0,0
470,4.9,23,1.93,9,16119,241779,21,97,20.7,100,0.37,7,69,2.1,1029,47,484,3160,24,2.78,13,6.2,29,0,0,-1,-1,1.07,51,529
471,17.5,98,2.13,12,10026,541383,48,102,18.1,100,8.04,47,603,2.3,1270,48,613,1761,38,29.69,167,1.07,6,0.1,1,-1,-1,1.28,98,1248
472,16.1,60,2.67,10,-1,-1,-1,60,16,-1,-1,10,56,1.3,542,88,474,2980,25,2.14,8,6.14,23,0.4,2,-1,-1,1.13,9,50
473,21.6,107,6.65,33,14958,942360,56,104,21,93.94,7.59,54,564,2.1,1038,48,494,1647,40,5.24,26,4.44,22,0.4,3,-1,-1,1.19,100,1038
474,7.8,37,4.16,20,17068,324288,22,110,22.9,-1,-1,48,552,2.3,1149,53,611,2457,26,0.21,1,7.07,34,0.1,1,-1,-1,1.16,67,766
475,11.6,109,0.32,3,6919,103783,46,103,10.9,0,0,33,280,0.9,848,74,628,2964,42,0.95,9,1.37,13,0,0,-1,-1,1.19,35,294
